,PLAYER,TEAM,GP,G,A,PTS,+/-,TOI/G,SHFT,SHFT/G,PROD,POS
0,Suter Ryan,MIN,82,7,40,47,-8,26.7,2222,27.1,46:34:00, D
1,Doughty Drew,LA,82,8,37,45,-34,26.6,2393,29.2,48:27:00, D
2,Letang Kris,PIT,65,16,40,56,13,25.966666666666665,1923,29.6,30:07:00, D
3,Jones Seth,CBJ,75,9,37,46,1,25.816666666666666,2214,29.5,42:06:00, D
4,Josi Roman,NSH,82,15,41,56,9,25.166666666666668,2359,28.8,36:51:00, D
5,Provorov Ivan,PHI,82,7,19,26,-16,25.116666666666667,2369,28.9,79:12:00, D
6,Burns Brent,SJ,82,16,67,83,13,25.1,2200,26.8,24:47:00, D
7,Carlson John,WSH,80,13,57,70,21,25.066666666666666,2041,25.5,28:38:00, D
8,Ristolainen Rasmus,BUF,78,5,38,43,-41,24.633333333333333,2076,26.6,44:41:00, D
9,Edler Alexander,VAN,56,10,24,34,3,24.566666666666666,1683,30.1,40:28:00, D
10,Klingberg John,DAL,64,10,35,45,6,24.533333333333335,1719,26.9,34:53:00, D
11,Karlsson Erik,SJ,53,3,42,45,6,24.483333333333334,1384,26.1,28:50:00, D
12,Byfuglien Dustin,WPG,42,4,27,31,4,24.366666666666667,991,23.6,33:00:00, D
13,Lindell Esa,DAL,82,11,21,32,14,24.333333333333332,2314,28.2,62:20:00, D
14,Chabot Thomas,OTT,70,14,41,55,-12,24.283333333333335,1936,27.7,30:54:00, D
15,Giordano Mark,CGY,78,17,57,74,39,24.233333333333334,2177,27.9,25:33:00, D
16,Spurgeon Jared,MIN,82,14,29,43,-1,24.15,2170,26.5,46:02:00, D
17,Pietrangelo Alex,STL,71,13,28,41,2,24.083333333333332,2061,29.0,41:41:00, D
18,Ellis Ryan,NSH,82,7,34,41,21,24.016666666666666,2320,28.3,48:01:00, D
19,Lindholm Hampus,ANA,76,6,22,28,-5,24.0,2281,30.0,65:07:00, D
20,Klefbom Oscar,EDM,61,5,23,28,-11,23.983333333333334,1695,27.8,52:14:00, D
21,Nurse Darnell,EDM,82,10,31,41,-5,23.816666666666666,2306,28.1,47:38:00, D
22,Ekblad Aaron,FLA,82,13,24,37,1,23.65,2468,30.1,52:24:00, D
23,Ekman-Larsson Oliver,ARI,81,14,30,44,-16,23.633333333333333,2231,27.5,43:31:00, D
24,Weber Shea,MTL,58,14,19,33,15,23.483333333333334,1572,27.1,41:16:00, D
25,Dumba Matt,MIN,32,12,10,22,-5,23.383333333333333,799,25.0,34:00:00, D
26,Fowler Cam,ANA,59,5,18,23,-14,23.366666666666667,1727,29.3,59:56:00, D
27,Ekholm Mattias,NSH,80,8,36,44,27,23.366666666666667,2288,28.6,42:28:00, D
28,Rielly Morgan,TOR,82,20,52,72,24,23.116666666666667,2364,28.8,26:20:00, D
29,Petry Jeff,MTL,82,13,33,46,-5,23.116666666666667,2185,26.6,41:12:00, D
30,Heiskanen Miro,DAL,82,12,21,33,-14,23.116666666666667,2282,27.8,57:26:00, D
31,Slavin Jaccob,CAR,82,8,23,31,0,23.033333333333335,2203,26.9,60:56:00, D
32,Keith Duncan,CHI,82,6,34,40,13,23.016666666666666,2272,27.7,47:11:00, D
33,Werenski Zach,CBJ,82,11,33,44,-12,22.9,2250,27.4,42:40:00, D
34,Trouba Jacob,WPG,82,8,42,50,8,22.883333333333333,1997,24.4,37:31:00, D
35,McDavid Connor,EDM,78,41,75,116,3,22.833333333333332,1998,25.6,15:21, C
36,Parayko Colton,STL,80,10,18,28,20,22.783333333333335,2329,29.1,65:05:00, D
37,Hedman Victor,TB,70,12,42,54,24,22.766666666666666,1734,24.8,29:31:00, D
38,Subban P.K.,NSH,63,9,22,31,5,22.666666666666668,1731,27.5,46:03:00, D
39,Draisaitl Leon,EDM,82,50,55,105,2,22.583333333333332,2126,25.9,17:38, C
40,Gustafsson Erik,CHI,79,17,43,60,-6,22.583333333333332,2019,25.6,29:44:00, D
41,Ceci Cody,OTT,74,7,19,26,-22,22.566666666666666,2048,27.7,64:12:00, D
42,Kane Patrick,CHI,81,44,66,110,2,22.483333333333334,1912,23.6,16:33, RW
43,Montour Brandon,BUF/ANA,82,8,27,35,-20,22.45,2252,27.5,52:35:00, D
44,Yandle Keith,FLA,82,9,53,62,-17,22.45,2304,28.1,29:41:00, D
45,Faulk Justin,CAR,82,11,24,35,9,22.416666666666668,2150,26.2,52:32:00, D
46,Morrissey Josh,WPG,59,6,25,31,9,22.4,1439,24.4,42:38:00, D
47,Pulock Ryan,NYI,82,9,28,37,21,22.366666666666667,2278,27.8,49:33:00, D
48,Hutton Ben,VAN,69,5,15,20,-23,22.35,1908,27.7,77:07:00, D
49,Barkov Aleksander,FLA,82,35,61,96,-3,22.35,2218,27.0,19:05, C
50,Matheson Michael,FLA,75,8,19,27,-24,22.316666666666666,2126,28.3,61:59:00, D
51,Manson Josh,ANA,74,3,13,16,-8,22.3,2099,28.4,103:10:00, D
52,Kopitar Anze,LA,81,22,38,60,-20,22.3,2146,26.5,30:06:00, C
53,McAvoy Charlie,BOS,54,7,21,28,14,22.166666666666668,1448,26.8,42:45:00, D
54,Couturier Sean,PHI,80,33,43,76,2,22.133333333333333,2143,26.8,23:17, C
55,MacKinnon Nathan,COL,82,41,58,99,20,22.083333333333332,2024,24.7,18:17, C
56,McDonagh Ryan,TB,82,9,37,46,38,22.083333333333332,2066,25.2,39:22:00, D
57,Severson Damon,NJ,82,11,28,39,-27,22.05,2155,26.3,46:20:00, D
58,DeKeyser Danny,DET,52,5,15,20,2,21.966666666666665,1479,28.4,57:06:00, D
59,Schmidt Nate,VGS,61,9,21,30,22,21.95,1576,25.8,44:38:00, D
60,Niskanen Matt,WSH,80,8,17,25,-3,21.933333333333334,1909,23.9,70:10:00, D
61,Scheifele Mark,WPG,82,38,46,84,8,21.866666666666667,1969,24.0,21:20, C
62,Larkin Dylan,DET,76,32,41,73,-6,21.85,1973,26.0,22:44, C
63,Johnson Erik,COL,80,7,18,25,8,21.816666666666666,2157,27.0,69:48:00, D
64,Barrie Tyson,COL,78,14,45,59,-3,21.783333333333335,1850,23.7,28:47:00, D
65,Vatanen Sami,NJ,50,4,13,17,-17,21.733333333333334,1317,26.3,63:54:00, D
66,Green Mike,DET,43,5,21,26,-1,21.683333333333334,1185,27.6,35:51:00, D
67,Orlov Dmitry,WSH,82,3,26,29,3,21.633333333333333,1914,23.3,61:10:00, D
68,Bogosian Zach,BUF,65,3,16,19,-5,21.633333333333333,1574,24.2,73:59:00, D
69,Larsson Adam,EDM,82,3,17,20,-28,21.616666666666667,2243,27.4,88:39:00, D
70,Leddy Nick,NYI,82,4,22,26,0,21.55,2133,26.0,67:57:00, D
71,Brodie T.J.,CGY,79,9,25,34,29,21.466666666666665,2084,26.4,49:53:00, D
72,Giroux Claude,PHI,82,22,63,85,9,21.45,2138,26.1,20:42, LW
73,Murray Ryan,CBJ,56,1,28,29,20,21.433333333333334,1501,26.8,41:24:00, D
74,Martinez Alec,LA,60,4,14,18,-2,21.366666666666667,1578,26.3,71:12:00, D
75,Muzzin Jake,LA/TOR,80,9,28,37,21,21.333333333333332,2210,27.6,46:08:00, D
76,Krug Torey,BOS,64,6,47,53,-2,21.3,1599,25.0,25:43:00, D
77,Skjei Brady,NYR,78,8,17,25,-4,21.233333333333334,2141,27.4,66:15:00, D
78,Gardiner Jake,TOR,62,3,27,30,19,21.216666666666665,1635,26.4,43:50:00, D
79,Pionk Neal,NYR,73,6,20,26,-16,21.166666666666668,1998,27.4,59:25:00, D
80,Dahlin Rasmus,BUF,82,9,35,44,-13,21.15,1905,23.2,39:25:00, D
81,Landeskog Gabriel,COL,73,34,41,75,17,21.15,1711,23.4,20:35, LW
82,Chara Zdeno,BOS,62,5,9,14,22,21.083333333333332,1515,24.4,93:20:00, D
83,Schuldt Jimmy,VGS,1,0,1,1,-1,21.05,22,22.0,21:03, D
84,Vlasic Marc-Edouard,SJ,72,3,22,25,-6,21.05,1847,25.7,60:36:00, D
85,Dumoulin Brian,PIT,76,3,20,23,31,21.033333333333335,2110,27.8,69:28:00, D
86,Toews Jonathan,CHI,82,35,46,81,2,21.0,2090,25.5,21:16, C
87,Crosby Sidney,PIT,79,35,65,100,18,21.0,2036,25.8,16:35, C
88,Carlo Brandon,BOS,72,2,8,10,22,20.916666666666668,1840,25.6,150:38:00, D
89,Ovechkin Alex,WSH,81,51,38,89,7,20.916666666666668,1682,20.8,19:02, LW
90,Hamonic Travis,CGY,69,7,12,19,21,20.866666666666667,1758,25.5,75:46:00, D
91,Rantanen Mikko,COL,74,31,56,87,13,20.85,1704,23.0,17:43, RW
92,Horvat Bo,VAN,82,27,34,61,-4,20.833333333333332,2217,27.0,28:00:00, C
93,Greene Andy,NJ,82,5,20,25,-9,20.833333333333332,2027,24.7,68:20:00, D
94,Goligoski Alex,ARI,76,3,24,27,-7,20.816666666666666,1878,24.7,58:35:00, D
95,Hanifin Noah,CGY,80,5,28,33,18,20.766666666666666,2075,25.9,50:21:00, D
96,O'Reilly Ryan,STL,82,28,49,77,22,20.766666666666666,2103,25.6,22:06, C
97,Seguin Tyler,DAL,82,33,47,80,17,20.75,2278,27.8,21:16, C
98,Forbort Derek,LA,81,2,12,14,-13,20.75,2075,25.6,120:00:00, D
99,Bouwmeester Jay,STL,78,3,14,17,-3,20.733333333333334,2077,26.6,95:07:00, D
100,Wheeler Blake,WPG,82,20,71,91,0,20.716666666666665,1979,24.1,18:39, RW
101,Zibanejad Mika,NYR,82,30,44,74,-12,20.566666666666666,2084,25.4,22:46, C
102,Brodin Jonas,MIN,82,4,14,18,-15,20.55,1997,24.4,93:35:00, D
103,Stralman Anton,TB,47,2,15,17,12,20.516666666666666,1113,23.7,56:44:00, D
104,Schultz Justin,PIT,29,2,13,15,0,20.5,767,26.4,39:38:00, D
105,Pesce Brett,CAR,73,7,22,29,35,20.483333333333334,1826,25.0,51:34:00, D
106,Zaitsev Nikita,TOR,81,3,11,14,2,20.466666666666665,2145,26.5,118:27:00, D
107,Eichel Jack,BUF,77,28,54,82,-11,20.433333333333334,1756,22.8,19:11, C
108,Russell Kris,EDM,72,3,13,16,5,20.433333333333334,1858,25.8,91:55:00, D
109,Brown Dustin,LA,72,22,29,51,-17,20.4,1823,25.3,28:48:00, RW
110,Myers Tyler,WPG,80,9,22,31,11,20.35,1806,22.6,52:30:00, D
111,Braun Justin,SJ,78,2,14,16,-14,20.3,1957,25.1,98:59:00, D
112,Hainsey Ron,TOR,81,5,18,23,30,20.25,2181,26.9,71:20:00, D
113,Chychrun Jakob,ARI,53,5,15,20,-12,20.25,1235,23.3,53:40:00, D
114,Tanev Chris,VAN,55,2,10,12,3,20.166666666666668,1530,27.8,92:26:00, D
115,Aho Sebastian,CAR,82,30,53,83,25,20.15,2008,24.5,19:54, LW
116,Theodore Shea,VGS,79,12,25,37,-4,20.1,1938,24.5,42:55:00, D
117,Nugent-Hopkins Ryan,EDM,82,28,41,69,-13,20.1,1997,24.4,23:53, C
118,Gaudreau Johnny,CGY,82,36,63,99,18,20.066666666666666,1923,23.5,16:37, LW
119,Lindholm Elias,CGY,81,27,51,78,30,20.033333333333335,2062,25.5,20:48, C
120,Demers Jason,ARI,35,2,6,8,9,20.0,909,26.0,87:28:00, D
121,Kucherov Nikita,TB,82,41,87,128,24,19.966666666666665,1765,21.5,12:47, RW
122,Hronek Filip,DET,46,5,18,23,-10,19.966666666666665,1201,26.1,39:55:00, D
123,Kronwall Niklas,DET,79,3,24,27,-5,19.95,2047,25.9,58:22:00, D
124,Backstrom Nicklas,WSH,80,22,52,74,2,19.95,1759,22.0,21:34, C
125,Stecher Troy,VAN,78,2,21,23,9,19.916666666666668,1915,24.6,67:32:00, D
126,Girard Samuel,COL,82,4,23,27,8,19.9,1966,24.0,60:24:00, D
127,Stone Mark,OTT/VGS,77,33,40,73,17,19.883333333333333,1782,23.1,20:58, RW
128,Engelland Deryk,VGS,74,2,10,12,-3,19.883333333333333,1740,23.5,122:34:00, D
129,Panarin Artemi,CBJ,79,28,59,87,14,19.85,1816,23.0,18:01, LW
130,Jensen Nick,DET/WSH,80,2,18,20,4,19.85,2004,25.1,79:24:00, D
131,Zuccarello Mats,DAL/NYR,48,12,28,40,-8,19.85,1129,23.5,23:49, RW
132,Schlemko David,MTL/PHI,18,0,2,2,-1,19.85,469,26.1,178:36:00, D
133,Marner Mitch,TOR,82,26,68,94,22,19.816666666666666,2066,25.2,17:17, C
134,Jones Caleb,EDM,17,1,5,6,-9,19.8,434,25.5,56:05:00, D
135,Radulov Alexander,DAL,70,29,43,72,22,19.783333333333335,1768,25.3,19:14, RW
136,Cole Ian,COL,71,2,13,15,-1,19.75,1682,23.7,93:30:00, D
137,Savard David,CBJ,82,8,16,24,19,19.75,2083,25.4,67:27:00, D
138,Hjalmarsson Niklas,ARI,82,0,10,10,8,19.7,2047,25.0,161:31:00, D
139,Hall Taylor,NJ,33,11,26,37,-6,19.683333333333334,727,22.0,17:33, LW
140,Hamilton Dougie,CAR,82,18,21,39,0,19.666666666666668,1994,24.3,41:21:00, D
141,Trocheck Vincent,FLA,55,10,24,34,-9,19.666666666666668,1366,24.8,31:48:00, C
142,Gostisbehere Shayne,PHI,78,9,28,37,-20,19.666666666666668,1772,22.7,41:26:00, D
143,Miller Colin,VGS,65,3,26,29,0,19.65,1581,24.3,44:02:00, D
144,Marchand Brad,BOS,79,36,64,100,15,19.616666666666667,1821,23.1,15:30, LW
145,Sanheim Travis,PHI,82,9,26,35,-4,19.566666666666666,2011,24.5,45:49:00, D
146,Johansen Ryan,NSH,80,14,50,64,7,19.55,2000,25.0,24:26:00, C
147,Murphy Connor,CHI,52,5,8,13,12,19.483333333333334,1352,26.0,77:57:00, D
148,McNabb Brayden,VGS,81,4,12,16,11,19.483333333333334,1927,23.8,98:36:00, D
149,Getzlaf Ryan,ANA,67,14,34,48,-19,19.466666666666665,1568,23.4,27:10:00, C
150,Staal Marc,NYR,79,3,10,13,-9,19.416666666666668,2061,26.1,118:00:00, D
151,Edmundson Joel,STL,64,2,9,11,8,19.383333333333333,1691,26.4,112:47:00, D
152,Sulak Libor,DET,6,0,0,0,-4,19.383333333333333,163,27.2,0:00, D
153,Atkinson Cam,CBJ,80,41,28,69,3,19.383333333333333,1951,24.4,22:28, RW
154,Guentzel Jake,PIT,82,40,36,76,13,19.35,2008,24.5,20:52, C
155,DeAngelo Tony,NYR,61,4,26,30,6,19.333333333333332,1494,24.5,39:18:00, D
156,DeMelo Dylan,OTT,77,4,18,22,-1,19.283333333333335,1972,25.6,67:29:00, D
157,Johnson Jack,PIT,82,1,12,13,-4,19.283333333333335,2124,25.9,121:36:00, D
158,Butcher Will,NJ,78,4,26,30,-17,19.266666666666666,1804,23.1,50:06:00, D
159,Zajac Travis,NJ,80,19,27,46,-25,19.266666666666666,1818,22.7,33:30:00, C
160,Connor Kyle,WPG,82,34,32,66,-7,19.25,1749,21.3,23:55, LW
161,Cernak Erik,TB,58,5,11,16,25,19.25,1416,24.4,69:47:00, D
162,Stepan Derek,ARI,72,15,20,35,-2,19.216666666666665,1845,25.6,39:32:00, C
163,Kempny Michal,WSH,71,6,19,25,24,19.183333333333334,1560,22.0,54:29:00, D
164,Polak Roman,DAL,77,1,8,9,6,19.166666666666668,1878,24.4,163:59:00, D
165,Boeser Brock,VAN,69,26,30,56,-2,19.166666666666668,1621,23.5,23:36, RW
166,Arvidsson Viktor,NSH,58,34,14,48,12,19.15,1388,23.9,23:08, RW
167,Grzelcyk Matt,BOS,66,3,15,18,9,19.133333333333333,1652,25.0,70:08:00, D
168,Seabrook Brent,CHI,78,5,23,28,-6,19.1,2018,25.9,53:11:00, D
169,Tavares John,TOR,82,47,41,88,19,19.083333333333332,1969,24.0,17:47, C
170,Monahan Sean,CGY,78,34,48,82,7,19.05,1805,23.1,18:07, C
171,Pavelski Joe,SJ,75,38,26,64,-4,19.05,1809,24.1,22:19, C
172,Hertl Tomas,SJ,77,35,39,74,5,19.016666666666666,1834,23.8,19:47, C
173,Jokiharju Henri,CHI,38,0,12,12,-7,18.983333333333334,946,24.9,60:06:00, D
174,Reinhart Sam,BUF,82,22,43,65,-10,18.95,1730,21.1,23:55, C
175,McCabe Jake,BUF,59,4,10,14,-4,18.95,1364,23.1,79:50:00, D
176,Shattenkirk Kevin,NYR,73,2,26,28,-15,18.933333333333334,1685,23.1,49:22:00, D
177,Point Brayden,TB,79,41,51,92,27,18.916666666666668,1675,21.2,16:14, C
178,Lajoie Maxime,OTT,56,7,8,15,-25,18.9,1393,24.9,70:34:00, D
179,Oesterle Jordan,ARI,71,6,14,20,-3,18.9,1645,23.2,67:04:00, D
180,Huberdeau Jonathan,FLA,82,30,62,92,-14,18.85,1846,22.5,16:48, C
181,Karlsson William,VGS,82,24,32,56,1,18.85,1737,21.2,27:35:00, C
182,Duchene Matt,OTT/CBJ,73,31,39,70,-3,18.833333333333332,1601,21.9,19:38, C
183,Boychuk Johnny,NYI,74,3,16,19,10,18.833333333333332,1864,25.2,73:20:00, D
184,Malkin Evgeni,PIT,68,21,51,72,-25,18.8,1554,22.9,17:45, C
185,Kuznetsov Evgeny,WSH,76,21,51,72,7,18.783333333333335,1508,19.8,19:50, C
186,Moore John,BOS,61,4,9,13,0,18.766666666666666,1517,24.9,88:05:00, D
187,Pastrnak David,BOS,66,38,43,81,6,18.75,1395,21.1,15:16, LW
188,Mayfield Scott,NYI,79,4,15,19,18,18.733333333333334,1888,23.9,77:53:00, D
189,Reilly Mike,MTL,57,3,8,11,0,18.683333333333334,1329,23.3,96:46:00, D
190,Voracek Jakub,PHI,78,20,46,66,-16,18.666666666666668,1777,22.8,22:04, RW
191,Parise Zach,MIN,74,28,33,61,-2,18.666666666666668,1665,22.5,22:38, LW
192,Pelech Adam,NYI,78,5,16,21,22,18.633333333333333,1898,24.3,69:11:00, D
193,Forsberg Filip,NSH,64,28,22,50,8,18.616666666666667,1577,24.6,23:49, C
194,Chiarot Ben,WPG,78,5,15,20,6,18.616666666666667,1629,20.9,72:36:00, D
195,Oshie T.J.,WSH,69,25,29,54,5,18.616666666666667,1422,20.6,23:46, RW
196,Dahlstrom Carl,CHI,38,0,6,6,9,18.6,963,25.3,117:49:00, D
197,Couture Logan,SJ,81,27,43,70,-6,18.6,1970,24.3,21:31, C
198,Maatta Olli,PIT,60,1,13,14,9,18.583333333333332,1525,25.4,79:40:00, D
199,Schenn Brayden,STL,72,17,37,54,3,18.583333333333332,1642,22.8,24:47:00, C
200,Hicketts Joe,DET,11,0,0,0,-9,18.583333333333332,249,22.6,0:00, D
201,Daley Trevor,DET,44,2,6,8,-3,18.566666666666666,1157,26.3,102:04:00, D
202,Matthews Auston,TOR,68,37,36,73,-9,18.55,1591,23.4,17:17, C
203,Skinner Jeff,BUF,82,40,23,63,0,18.516666666666666,1721,21.0,24:06:00, LW
204,Haan de Calvin,CAR,74,1,13,14,1,18.516666666666666,1694,22.9,97:50:00, D
205,Hickey Thomas,NYI,40,0,4,4,5,18.5,1011,25.3,185:03:00, D
206,Rakell Rickard,ANA,69,18,25,43,-13,18.466666666666665,1526,22.1,29:38:00, C
207,Bergeron Patrice,BOS,65,32,47,79,23,18.466666666666665,1510,23.2,15:11, C
208,Kane Evander,SJ,75,30,26,56,-4,18.416666666666668,1734,23.1,24:39:00, LW
209,Tarasenko Vladimir,STL,76,33,35,68,8,18.4,1768,23.3,20:33, RW
210,Dadonov Evgenii,FLA,82,28,42,70,-6,18.366666666666667,1834,22.4,21:31, RW
211,Connauton Kevin,ARI,50,1,7,8,-2,18.35,1133,22.7,114:41:00, D
212,Granlund Mikael,NSH/MIN,79,16,38,54,-8,18.35,1730,21.9,26:50:00, C
213,Stamkos Steven,TB,82,45,53,98,4,18.3,1789,21.8,15:18, C
214,Koivu Mikko,MIN,48,8,21,29,-2,18.3,1086,22.6,30:17:00, C
215,Holden Nick,VGS,61,3,12,15,5,18.3,1395,22.9,74:23:00, D
216,Staal Jordan,CAR,50,11,17,28,6,18.283333333333335,1279,25.6,32:39:00, C
217,Hayes Kevin,NYR/WPG,71,19,36,55,-2,18.283333333333335,1628,22.9,23:35, C
218,Smith Reilly,VGS,74,19,34,53,13,18.266666666666666,1563,21.1,25:30:00, RW
219,Pysyk Mark,FLA,70,1,10,11,-1,18.266666666666666,1798,25.7,116:15:00, D
220,Cholowski Dennis,DET,52,7,9,16,-20,18.25,1219,23.4,59:19:00, D
221,Keller Clayton,ARI,82,14,33,47,-21,18.233333333333334,1905,23.2,31:48:00, C
222,Gudbranson Erik,PIT/VAN,76,2,8,10,-20,18.233333333333334,1870,24.6,138:33:00, D
223,Benn Jamie,DAL,78,27,26,53,14,18.233333333333334,1968,25.2,26:49:00, LW
224,Pettersson Elias,VAN,71,28,38,66,3,18.233333333333334,1598,22.5,19:36, C
225,Benn Jordie,MTL,81,5,17,22,15,18.2,1947,24.0,66:59:00, D
226,Bayreuther Gavin,DAL,19,2,3,5,2,18.183333333333334,461,24.3,69:07:00, D
227,Carter Jeff,LA,76,13,20,33,-20,18.15,1827,24.0,41:49:00, C
228,Palmieri Kyle,NJ,74,27,23,50,-9,18.15,1580,21.4,26:52:00, RW
229,Marchessault Jonathan,VGS,82,25,34,59,2,18.15,1637,20.0,25:13:00, C
230,Wilson Tom,WSH,63,22,18,40,11,18.15,1340,21.3,28:34:00, RW
231,Schwartz Jaden,STL,69,11,25,36,-6,18.133333333333333,1576,22.8,34:44:00, LW
232,Staal Eric,MIN,81,22,30,52,-7,18.133333333333333,1695,20.9,28:14:00, C
233,Stastny Paul,VGS,50,13,29,42,14,18.1,1006,20.1,21:33, C
234,Hischier Nico,NJ,69,17,30,47,0,18.1,1485,21.5,26:34:00, C
235,Hughes Quinn,VAN,5,0,3,3,0,18.083333333333332,109,21.8,30:08:00, D
236,Mueller Mirco,NJ,53,1,10,11,-3,18.066666666666666,1272,24.0,87:04:00, D
237,Brannstrom Erik,OTT,2,0,0,0,0,18.066666666666666,50,25.0,0:00, D
238,Olofsson Victor,BUF,6,2,2,4,1,18.016666666666666,125,20.8,27:01:00, RW
239,Kessel Phil,PIT,82,27,55,82,-19,17.983333333333334,1786,21.8,17:58, RW
240,Nelson Brock,NYI,82,25,28,53,20,17.966666666666665,1828,22.3,27:48:00, C
241,Sergachev Mikhail,TB,75,6,26,32,12,17.916666666666668,1603,21.4,42:00:00, D
242,Barzal Mathew,NYI,82,18,44,62,-5,17.916666666666668,1601,19.5,23:42, C
243,Teravainen Teuvo,CAR,82,21,55,76,30,17.916666666666668,1898,23.1,19:19, LW
244,Toews Devon,NYI,48,5,13,18,7,17.9,1078,22.5,47:43:00, D
245,Backlund Mikael,CGY,77,21,26,47,34,17.9,1786,23.2,29:18:00, C
246,Merrill Jon,VGS,57,3,12,15,16,17.883333333333333,1269,22.3,67:56:00, D
247,Gudas Radko,PHI,77,4,16,20,6,17.883333333333333,1784,23.2,68:49:00, D
248,Pageau Jean-Gabriel,OTT,39,4,8,12,-12,17.85,932,23.9,57:59:00, C
249,Kulak Brett,MTL,57,6,11,17,12,17.85,1275,22.4,59:49:00, D
250,Hoffman Mike,FLA,82,36,34,70,-24,17.833333333333332,1740,21.2,20:53, LW
251,Schmaltz Nick,CHI/ARI,40,7,18,25,-12,17.833333333333332,847,21.2,28:31:00, C
252,Mantha Anthony,DET,67,25,23,48,-8,17.833333333333332,1436,21.4,24:53:00, RW
253,Girardi Dan,TB,62,4,12,16,6,17.8,1371,22.1,68:58:00, D
254,Danault Phillip,MTL,81,12,41,53,17,17.783333333333335,2017,24.9,27:10:00, C
255,Mete Victor,MTL,71,0,13,13,17,17.766666666666666,1650,23.2,97:04:00, D
256,Miller Kevan,BOS,39,0,7,7,8,17.75,919,23.6,98:52:00, D
257,Dillon Brenden,SJ,82,1,21,22,19,17.75,1792,21.9,66:08:00, D
258,Dubois Pierre-Luc,CBJ,82,27,34,61,16,17.716666666666665,1820,22.2,23:48, C
259,Clifton Connor,BOS,19,0,1,1,5,17.7,454,23.9,336:24:00, D
260,Foligno Nick,CBJ,73,17,18,35,12,17.7,1618,22.2,36:55:00, LW
261,DeBrincat Alex,CHI,82,41,35,76,0,17.7,1666,20.3,19:05, RW
262,Saad Brandon,CHI,80,23,24,47,-9,17.683333333333334,1863,23.3,30:06:00, LW
263,Nutivaara Markus,CBJ,80,5,16,21,3,17.683333333333334,1846,23.1,67:21:00, D
264,Krejci David,BOS,81,20,53,73,7,17.683333333333334,1699,21.0,19:36, C
265,Biega Alex,VAN,41,2,14,16,0,17.666666666666668,991,24.2,45:16:00, D
266,Harpur Ben,OTT,51,1,4,5,-13,17.616666666666667,1176,23.1,179:43:00, D
267,Scandella Marco,BUF,63,6,7,13,-13,17.616666666666667,1410,22.4,85:20:00, D
268,Tkachuk Matthew,CGY,80,34,43,77,14,17.6,1696,21.2,18:17, LW
269,Dunn Vince,STL,78,12,23,35,14,17.533333333333335,1820,23.3,39:04:00, D
270,Nyquist Gustav,DET/SJ,81,22,38,60,1,17.516666666666666,1818,22.4,23:39, C
271,Compher J.T.,COL,66,16,16,32,-8,17.483333333333334,1441,21.8,36:02:00, LW
272,Sutter Brandon,VAN,26,4,2,6,-12,17.466666666666665,676,26.0,75:41:00, C
273,Soderberg Carl,COL,82,23,26,49,-5,17.45,1858,22.7,29:12:00, C
274,Williams Justin,CAR,82,23,30,53,-4,17.45,1814,22.1,26:59:00, RW
275,Pilut Lawrence,BUF,33,1,5,6,-8,17.416666666666668,714,21.6,95:48:00, D
276,Kreider Chris,NYR,79,28,24,52,4,17.4,1783,22.6,26:26:00, LW
277,Domi Max,MTL,82,28,44,72,20,17.383333333333333,1751,21.4,19:47, C
278,Wolanin Christian,OTT,30,4,8,12,3,17.333333333333332,673,22.4,43:18:00, D
279,Dermott Travis,TOR,64,4,13,17,-5,17.3,1453,22.7,65:09:00, D
280,Alzner Karl,MTL,9,0,1,1,1,17.3,215,23.9,155:42:00, D
281,Hyman Zach,TOR,71,21,20,41,16,17.283333333333335,1700,23.9,29:55:00, C
282,Claesson Fredrik,NYR,37,2,4,6,3,17.25,837,22.6,106:21:00, D
283,Laine Patrik,WPG,82,30,20,50,-24,17.233333333333334,1620,19.8,28:15:00, RW
284,Ericsson Jonathan,DET,52,3,2,5,-10,17.216666666666665,1235,23.8,179:05:00, D
285,Toffoli Tyler,LA,82,13,21,34,-16,17.216666666666665,1902,23.2,41:30:00, RW
286,Chelios Jake,DET,5,0,0,0,0,17.2,102,20.4,0:00, D
287,Zadorov Nikita,COL,70,7,7,14,19,17.2,1487,21.2,86:01:00, D
288,Pouliot Derrick,VAN,62,3,9,12,-1,17.166666666666668,1403,22.6,88:39:00, D
289,Roy Matt,LA,25,2,4,6,-1,17.133333333333333,545,21.8,71:22:00, LW
290,Pateryn Greg,MIN,80,1,6,7,-11,17.116666666666667,1675,20.9,195:39:00, D
291,Juulsen Noah,MTL,21,1,4,5,5,17.116666666666667,506,24.1,71:53:00, D
292,Larsson Jacob,ANA,49,0,5,5,-4,17.116666666666667,1163,23.7,167:43:00, D
293,Silfverberg Jakob,ANA,73,24,19,43,-9,17.1,1639,22.5,29:01:00, LW
294,Perron David,STL,57,23,23,46,3,17.1,1189,20.9,21:11, LW
295,Lee Anders,NYI,82,28,23,51,20,17.083333333333332,1664,20.3,27:28:00, LW
296,Lovejoy Ben,DAL/NJ,71,2,7,9,-1,17.083333333333332,1608,22.6,134:47:00, D
297,Forsling Gustav,CHI,43,3,6,9,-9,17.083333333333332,994,23.1,81:37:00, D
298,Zucker Jason,MIN,81,21,21,42,-9,17.083333333333332,1635,20.2,32:56:00, LW
299,Jenner Boone,CBJ,77,16,22,38,6,17.066666666666666,1705,22.1,34:34:00, C
300,Tierney Chris,OTT,81,9,39,48,-22,17.033333333333335,1737,21.4,28:44:00, C
301,Zotto Del Michael,STL/VAN/ANA,42,1,9,10,-2,17.033333333333335,925,22.0,71:31:00, D
302,Anderson Josh,CBJ,82,27,20,47,25,17.016666666666666,1814,22.1,29:42:00, RW
303,Coleman Blake,NJ,78,22,14,36,-19,17.016666666666666,1656,21.2,36:51:00, C
304,Ouellet Xavier,MTL,19,0,3,3,-3,17.016666666666666,407,21.4,107:44:00, D
305,Pacioretty Max,VGS,66,22,18,40,-13,17.0,1214,18.4,28:03:00, LW
306,Athanasiou Andreas,DET,76,30,24,54,-9,16.966666666666665,1677,22.1,23:53, C
307,Meier Timo,SJ,78,30,36,66,9,16.966666666666665,1730,22.2,20:03, RW
308,Chiasson Alex,EDM,73,22,16,38,-1,16.966666666666665,1572,21.5,32:36:00, RW
309,Weegar Mackenzie,FLA,64,4,11,15,-3,16.966666666666665,1471,23.0,72:23:00, D
310,Hagg Robert,PHI,82,5,15,20,-3,16.95,1893,23.1,69:28:00, D
311,Methot Marc,DAL,9,0,0,0,-3,16.933333333333334,228,25.3,0:00, D
312,Drouin Jonathan,MTL,81,18,35,53,-8,16.933333333333334,1706,21.1,25:52:00, C
313,Iafallo Alex,LA,82,15,18,33,-17,16.833333333333332,1817,22.2,41:49:00, C
314,Bailey Josh,NYI,82,16,40,56,8,16.833333333333332,1638,20.0,24:38:00, LW
315,Dzingel Ryan,OTT/CBJ,78,26,30,56,-9,16.816666666666666,1583,20.3,23:25, LW
316,Carrick Connor,DAL/NJ,34,2,9,11,-13,16.8,718,21.1,51:55:00, D
317,Coyle Charlie,BOS/MIN,81,12,22,34,-1,16.783333333333335,1676,20.7,39:58:00, C
318,Tuch Alex,VGS,74,20,32,52,13,16.733333333333334,1344,18.2,23:48, RW
319,Rosen Calle,TOR,4,1,0,1,-3,16.7,101,25.3,66:49:00, D
320,Riikola Juuso,PIT,37,2,3,5,3,16.683333333333334,856,23.1,123:28:00, D
321,Pettersson Marcus,PIT/ANA,84,2,23,25,17,16.683333333333334,1961,23.3,56:03:00, D
322,Nielsen Frans,DET,72,10,25,35,-7,16.683333333333334,1641,22.8,34:18:00, C
323,Santini Steven,NJ,39,1,3,4,-6,16.65,837,21.5,162:24:00, D
324,Kapanen Kasperi,TOR,78,20,24,44,12,16.616666666666667,1805,23.1,29:26:00, RW
325,Panik Richard,ARI,75,14,19,33,-3,16.616666666666667,1730,23.1,37:44:00, RW
326,Riemsdyk van James,PHI,66,27,21,48,-10,16.6,1342,20.3,22:49, LW
327,Haula Erik,VGS,15,2,5,7,1,16.583333333333332,289,19.3,35:32:00, LW
328,Borgen Will,BUF,4,0,0,0,-5,16.55,91,22.8,0:00, D
329,Eller Lars,WSH,81,13,23,36,-1,16.533333333333335,1576,19.5,37:12:00, C
330,Hajek Libor,NYR,5,1,0,1,1,16.533333333333335,107,21.4,82:39:00, D
331,Eberle Jordan,NYI,78,19,18,37,-6,16.533333333333335,1514,19.4,34:50:00, RW
332,Petrovic Alex,EDM/FLA,35,0,2,2,-15,16.533333333333335,785,22.4,289:12:00, D
333,Bertuzzi Tyler,DET,73,21,26,47,11,16.516666666666666,1547,21.2,25:39:00, LW
334,Kesler Ryan,ANA,60,5,3,8,-19,16.5,1358,22.6,123:44:00, C
335,Sekera Andrej,EDM,24,0,4,4,3,16.483333333333334,548,22.8,98:56:00, D
336,Nemeth Patrik,COL,74,1,9,10,5,16.483333333333334,1528,20.6,122:00:00, D
337,Henrique Adam,ANA,82,18,24,42,-5,16.45,1772,21.6,32:07:00, C
338,Faksa Radek,DAL,81,15,15,30,-3,16.433333333333334,1953,24.1,44:21:00, C
339,Tatar Tomas,MTL,80,25,33,58,21,16.416666666666668,1737,21.7,22:38, LW
340,Gallagher Brendan,MTL,82,33,19,52,10,16.4,1775,21.6,25:51:00, RW
341,MacDonald Andrew,PHI,47,0,9,9,-5,16.4,1014,21.6,85:36:00, D
342,Smith Zack,OTT,70,9,19,28,-6,16.35,1513,21.6,40:52:00, C
343,Bozak Tyler,STL,72,13,25,38,-3,16.35,1534,21.3,30:58:00, C
344,Marleau Patrick,TOR,82,16,21,37,-6,16.35,1774,21.6,36:13:00, C
345,Anisimov Artem,CHI,78,15,22,37,-2,16.35,1611,20.7,34:27:00, C
346,Bonino Nick,NSH,81,17,18,35,27,16.3,1873,23.1,37:44:00, C
347,Ruhwedel Chad,PIT,18,1,1,2,-9,16.283333333333335,401,22.3,146:29:00, D
348,Kovalchuk Ilya,LA,64,16,18,34,-26,16.233333333333334,1263,19.7,30:33:00, LW
349,Niederreiter Nino,CAR/MIN,82,23,30,53,-4,16.233333333333334,1637,20.0,25:06:00, RW
350,White Colin,OTT,71,14,27,41,-24,16.2,1455,20.5,28:03:00, C
351,Kadri Nazem,TOR,73,16,28,44,-2,16.183333333333334,1499,20.5,26:51:00, C
352,DeBrusk Jake,BOS,68,27,15,42,2,16.166666666666668,1319,19.4,26:10:00, LW
353,Strome Dylan,CHI/ARI,78,20,37,57,-8,16.15,1511,19.4,22:06, C
354,Coburn Braydon,TB,74,4,19,23,4,16.116666666666667,1504,20.3,51:50:00, D
355,Zacha Pavel,NJ,61,13,12,25,-6,16.083333333333332,1224,20.1,39:14:00, C
356,Gilmour John,NYR,5,0,0,0,-3,16.083333333333332,106,21.2,0:00, D
357,Capobianco Kyle,ARI,2,0,0,0,-2,16.083333333333332,38,19.0,0:00, D
358,Holzer Korbinian,ANA,22,1,3,4,5,16.066666666666666,523,23.8,88:22:00, D
359,Vesey Jimmy,NYR,81,17,18,35,-6,16.05,1681,20.8,37:09:00, LW
360,Hamhuis Dan,NSH,57,0,5,5,-2,16.05,1197,21.0,182:56:00, D
361,Sissons Colton,NSH,75,15,15,30,20,16.05,1652,22.0,40:06:00, C
362,Welinski Andy,ANA,26,1,3,4,-5,16.033333333333335,551,21.2,104:15:00, D
363,Andersson Rasmus,CGY,79,2,17,19,17,16.033333333333335,1639,20.7,66:41:00, D
364,Tkachuk Brady,OTT,71,22,23,45,-10,16.016666666666666,1442,20.3,25:17:00, LW
365,Fantenberg Oscar,CGY/LA,61,2,2,4,3,16.0,1295,21.2,244:00:00, D
366,Richardson Brad,ARI,66,19,8,27,6,15.966666666666667,1549,23.5,39:01:00, C
367,Johnson Tyler,TB,80,29,18,47,15,15.95,1650,20.6,27:08:00, C
368,Stone Michael,CGY,14,0,5,5,0,15.933333333333334,303,21.6,44:37:00, D
369,Gunnarsson Carl,STL,25,3,4,7,8,15.933333333333334,568,22.7,56:53:00, D
370,Johansson Marcus,BOS/NJ,58,13,17,30,-16,15.916666666666666,1106,19.1,30:47:00, C
371,Shaw Andrew,MTL,63,19,28,47,17,15.916666666666666,1267,20.1,21:20, C
372,Rust Bryan,PIT,72,18,17,35,10,15.9,1610,22.4,32:43:00, RW
373,Kunin Luke,MIN,49,6,11,17,-9,15.883333333333333,1014,20.7,45:47:00, C
374,Steen Alexander,STL,65,10,17,27,2,15.833333333333334,1429,22.0,38:08:00, LW
375,Gourde Yanni,TB,80,22,26,48,9,15.833333333333334,1597,20.0,26:23:00, LW
376,Little Bryan,WPG,82,15,26,41,-12,15.833333333333334,1719,21.0,31:39:00, C
377,Koekkoek Slater,CHI/TB,31,2,4,6,4,15.833333333333334,655,21.1,81:47:00, D
378,Rodrigues Evan,BUF,74,9,20,29,-7,15.816666666666666,1528,20.6,40:22:00, RW
379,Armia Joel,MTL,57,13,10,23,0,15.8,1213,21.3,39:08:00, RW
380,Namestnikov Vladislav,NYR,78,11,20,31,-7,15.8,1651,21.2,39:44:00, C
381,Glendening Luke,DET,78,10,13,23,2,15.783333333333333,1818,23.3,53:32:00, C
382,McQuaid Adam,NYR/CBJ,50,3,4,7,2,15.783333333333333,1147,22.9,112:41:00, D
383,Ehlers Nikolaj,WPG,62,21,16,37,2,15.766666666666667,1190,19.2,26:24:00, LW
384,Galchenyuk Alex,ARI,72,19,22,41,-19,15.733333333333333,1485,20.6,27:37:00, C
385,Comeau Blake,DAL,77,7,11,18,-7,15.733333333333333,1776,23.1,67:16:00, LW
386,Fast Jesper,NYR,66,8,12,20,-3,15.716666666666667,1420,21.5,51:52:00, RW
387,Turris Kyle,NSH,55,7,16,23,-6,15.7,1109,20.2,37:31:00, C
388,Hunwick Matt,BUF,14,0,2,2,-7,15.683333333333334,280,20.0,109:49:00, D
389,Ryan Bobby,OTT,78,15,27,42,-29,15.683333333333334,1563,20.0,29:07:00, RW
390,Yakovlev Egor,NJ,25,2,5,7,-6,15.666666666666666,504,20.2,55:58:00, D
391,Gaunce Cameron,TB,2,0,0,0,3,15.666666666666666,39,19.5,0:00, D
392,Simmonds Wayne,PHI/NSH,79,17,13,30,-16,15.666666666666666,1530,19.4,41:15:00, RW
393,Kulikov Dmitry,WPG,57,0,6,6,4,15.666666666666666,1060,18.6,148:48:00, D
394,Orpik Brooks,WSH,53,2,7,9,8,15.666666666666666,1030,19.4,92:14:00, D
395,Folin Christian,MTL/PHI,45,0,6,6,6,15.666666666666666,979,21.8,117:26:00, D
396,Kase Ondrej,ANA,30,11,9,20,0,15.65,593,19.8,23:29, RW
397,Fiala Kevin,NSH/MIN,83,13,26,39,-23,15.633333333333333,1650,19.9,33:17:00, LW
398,Rutta Jan,CHI/TB,37,2,6,8,4,15.6,787,21.3,72:06:00, D
399,Strome Ryan,EDM/NYR,81,19,16,35,-3,15.566666666666666,1658,20.5,36:02:00, C
400,Borowiecki Mark,OTT,53,1,4,5,-12,15.566666666666666,1214,22.9,165:02:00, D
401,Lehkonen Artturi,MTL,82,11,20,31,10,15.55,1780,21.7,41:09:00, LW
402,Thornton Joe,SJ,73,16,35,51,8,15.55,1492,20.4,22:15, C
403,Lauzon Jeremy,BOS,16,1,0,1,-1,15.533333333333333,350,21.9,248:37:00, D
404,Nylander William,TOR,54,7,20,27,-4,15.516666666666667,1145,21.2,31:01:00, RW
405,Beaulieu Nathan,BUF/WPG,48,3,9,12,6,15.5,929,19.4,62:01:00, D
406,Valimaki Juuso,CGY,24,1,2,3,-2,15.483333333333333,475,19.8,123:52:00, D
407,Hornqvist Patric,PIT,69,18,19,37,-3,15.483333333333333,1412,20.5,28:51:00, RW
408,Bortuzzo Robert,STL,59,2,8,10,9,15.466666666666667,1323,22.4,91:17:00, D
409,Sbisa Luca,NYI,9,0,1,1,0,15.466666666666667,197,21.9,139:13:00, D
410,Walker Sean,LA,39,3,7,10,-8,15.433333333333334,783,20.1,60:11:00, D
411,Jarnkrok Calle,NSH,79,10,16,26,13,15.433333333333334,1688,21.4,46:53:00, C
412,Nelson Casey,BUF,38,1,5,6,1,15.416666666666666,752,19.8,97:35:00, D
413,Abdelkader Justin,DET,71,6,13,19,-14,15.4,1465,20.6,57:32:00, LW
414,Zadina Filip,DET,9,1,2,3,-5,15.383333333333333,182,20.2,46:09:00, RW
415,Eakin Cody,VGS,78,22,19,41,19,15.383333333333333,1421,18.2,29:15:00, C
416,Myers Philippe,PHI,21,1,1,2,-5,15.366666666666667,409,19.5,161:21:00, RW
417,Hirose Taro,DET,10,1,6,7,0,15.3,194,19.4,21:51, LW
418,Smith Brendan,NYR,63,4,9,13,-7,15.3,1291,20.5,74:07:00, D
419,Gryba Eric,NJ,10,0,0,0,-1,15.3,194,19.4,0:00, D
420,Hinostroza Vinnie,ARI,72,16,23,39,-4,15.266666666666667,1497,20.8,28:11:00, C
421,Trotman Zach,PIT,13,0,1,1,4,15.266666666666667,273,21.0,198:27:00, D
422,Konecny Travis,PHI,82,24,25,49,-4,15.266666666666667,1652,20.1,25:32:00, C
423,Bowey Madison,DET/WSH,50,2,8,10,-1,15.266666666666667,970,19.4,76:17:00, D
424,Barberio Mark,COL,12,1,0,1,-6,15.233333333333333,232,19.3,182:42:00, D
425,Janmark Mattias,DAL,81,6,19,25,-4,15.216666666666667,1774,21.9,49:18:00, C
426,Simek Radim,SJ,41,1,8,9,7,15.216666666666667,850,20.7,69:19:00, D
427,Marincin Martin,TOR,24,1,4,5,-4,15.2,523,21.8,72:57:00, D
428,McIlrath Dylan,DET,7,0,0,0,2,15.183333333333334,133,19.0,0:00, D
429,Buchnevich Pavel,NYR,64,21,17,38,-10,15.166666666666666,1235,19.3,25:33:00, LW
430,Bratt Jesper,NJ,51,8,25,33,-8,15.166666666666666,961,18.8,23:26, LW
431,Baertschi Sven,VAN,26,9,5,14,-9,15.133333333333333,520,20.0,28:06:00, LW
432,Smith Craig,NSH,76,21,17,38,11,15.133333333333333,1545,20.3,30:15:00, C
433,Bjugstad Nick,PIT/FLA,64,14,12,26,6,15.116666666666667,1340,20.9,37:13:00, C
434,Patrick Nolan,PHI,72,13,18,31,-8,15.083333333333334,1484,20.6,35:01:00, C
435,Wennberg Alexander,CBJ,75,2,23,25,-1,15.083333333333334,1497,20.0,45:13:00, C
436,Riemsdyk van Trevor,CAR,78,3,11,14,-4,15.066666666666666,1563,20.0,83:53:00, D
437,Granlund Markus,VAN,77,12,10,22,-4,15.05,1663,21.6,52:38:00, C
438,Guhle Brendan,BUF/ANA,8,0,1,1,-2,15.016666666666667,161,20.1,120:07:00, D
439,Ritchie Nick,ANA,60,9,22,31,6,15.0,1153,19.2,29:02:00, LW
440,Phaneuf Dion,LA,67,1,5,6,-21,15.0,1420,21.2,167:29:00, D
441,Brassard Derick,PIT/COL/FLA,70,14,9,23,-19,15.0,1406,20.1,45:38:00, C
442,Goldobin Nikolay,VAN,63,7,20,27,-10,14.983333333333333,1243,19.7,34:58:00, RW
443,Grundstrom Carl,LA,15,5,1,6,-4,14.966666666666667,285,19.0,37:25:00, RW
444,Steel Sam,ANA,22,6,5,11,2,14.966666666666667,421,19.1,29:55:00, C
445,Neal James,CGY,63,7,12,19,-5,14.95,1252,19.9,49:35:00, LW
446,Benning Matthew,EDM,70,5,12,17,11,14.95,1499,21.4,61:32:00, D
447,Howden Brett,NYR,66,6,17,23,-16,14.933333333333334,1322,20.0,42:52:00, C
448,Jacobs Josh,NJ,1,0,0,0,-1,14.9,19,19.0,0:00, D
449,Hunt Brad,MIN/VGS,42,5,7,12,-2,14.883333333333333,771,18.4,52:06:00, D
450,Palat Ondrej,TB,64,8,26,34,4,14.883333333333333,1208,18.9,28:01:00, LW
451,Kerfoot Alexander,COL,78,15,27,42,-9,14.883333333333333,1486,19.1,27:38:00, C
452,Gleason Ben,DAL,4,0,1,1,-1,14.883333333333333,78,19.5,59:31:00, D
453,Killorn Alex,TB,82,18,22,40,22,14.866666666666667,1632,19.9,30:29:00, C
454,Kiselevich Bogdan,FLA/WPG,32,0,8,8,-3,14.85,628,19.6,59:25:00, D
455,Laughton Scott,PHI,82,12,20,32,-11,14.85,1668,20.3,38:03:00, C
456,Cirelli Anthony,TB,82,19,20,39,25,14.85,1644,20.0,31:13:00, C
457,Manning Brandon,CHI/EDM,39,2,2,4,-15,14.833333333333334,858,22.0,144:42:00, D
458,Perry Corey,ANA,31,6,4,10,-16,14.816666666666666,572,18.5,45:57:00, RW
459,Virtanen Jake,VAN,70,15,10,25,-4,14.816666666666666,1522,21.7,41:29:00, RW
460,Kassian Zack,EDM,79,15,11,26,-6,14.8,1564,19.8,44:58:00, RW
461,Wallmark Lucas,CAR,81,10,18,28,-8,14.8,1763,21.8,42:47:00, C
462,Oleksiak Jamie,DAL/PIT,57,4,8,12,5,14.733333333333333,1175,20.6,69:58:00, D
463,Hagelin Carl,LA/PIT/WSH,58,5,14,19,7,14.733333333333333,1153,19.9,44:57:00, LW
464,Gravel Kevin,EDM,36,0,3,3,-2,14.716666666666667,752,20.9,176:30:00, D
465,Miller J.T.,TB,75,13,34,47,8,14.666666666666666,1360,18.1,23:24, C
466,Vatrano Frank,FLA,81,24,15,39,-10,14.666666666666666,1620,20.0,30:27:00, C
467,Svechnikov Andrei,CAR,82,20,17,37,0,14.65,1685,20.5,32:27:00, RW
468,Beauvillier Anthony,NYI,81,18,10,28,1,14.65,1435,17.7,42:21:00, LW
469,Lowry Adam,WPG,78,12,11,23,6,14.633333333333333,1688,21.6,49:38:00, C
470,Kampfer Steven,BOS,35,3,3,6,-6,14.633333333333333,713,20.4,85:19:00, D
471,Sheary Conor,BUF,78,14,20,34,-18,14.616666666666667,1480,19.0,33:32:00, LW
472,Aberg Pontus,ANA/MIN,59,12,13,25,-14,14.6,1107,18.8,34:26:00, LW
473,Comtois Max,ANA,10,2,5,7,3,14.583333333333334,190,19.0,20:50, LW
474,Lindgren Ryan,NYR,5,0,0,0,-6,14.583333333333334,102,20.4,0:00, D
475,Gagner Sam,EDM/VAN,32,6,7,13,-6,14.583333333333334,596,18.6,35:54:00, C
476,Helm Darren,DET,61,7,10,17,-11,14.566666666666666,1264,20.7,52:17:00, C
477,Byron Paul,MTL,56,15,16,31,16,14.566666666666666,1160,20.7,26:18:00, C
478,Sautner Ashton,VAN,17,0,1,1,-2,14.55,358,21.1,247:15:00, D
479,Megna Jaycob,ANA,28,1,3,4,-1,14.533333333333333,599,21.4,101:43:00, D
480,McCann Jared,PIT/FLA,78,19,16,35,-1,14.533333333333333,1696,21.7,32:22:00, C
481,Ho-Sang Josh,NYI,10,1,1,2,2,14.516666666666667,177,17.7,72:37:00, RW
482,Kempe Adrian,LA,81,12,16,28,-10,14.5,1696,20.9,41:56:00, RW
483,Watson Austin,NSH,37,7,9,16,11,14.5,744,20.1,33:30:00, LW
484,Martinook Jordan,CAR,82,15,10,25,1,14.483333333333333,1735,21.2,47:30:00, LW
485,Pirri Brandon,VGS,31,12,6,18,7,14.45,515,16.6,24:52:00, C
486,Caggiula Drake,CHI/EDM,55,12,11,23,-5,14.433333333333334,1042,18.9,34:30:00, C
487,Grabner Michael,ARI,41,9,7,16,-2,14.383333333333333,898,21.9,36:52:00, RW
488,Dvorak Christian,ARI,20,2,5,7,-2,14.383333333333333,405,20.3,41:06:00, C
489,Heed Tim,SJ,37,2,11,13,9,14.366666666666667,671,18.1,40:53:00, D
490,Jaros Christian,OTT,61,1,9,10,-14,14.366666666666667,1294,21.2,87:38:00, D
491,McGinn Brock,CAR,82,10,16,26,10,14.316666666666666,1700,20.7,45:07:00, LW
492,Mahura Josh,ANA,17,1,4,5,0,14.3,334,19.6,48:38:00, D
493,Larsson Johan,BUF,73,6,8,14,-8,14.3,1380,18.9,74:31:00, LW
494,Filppula Valtteri,NYI,72,17,14,31,19,14.266666666666667,1389,19.3,33:09:00, C
495,Shore Devin,DAL/ANA,76,10,19,29,-12,14.266666666666667,1558,20.5,37:22:00, C
496,White Colton,NJ,3,0,0,0,-2,14.233333333333333,62,20.7,0:00, D
497,Calvert Matt,COL,82,11,15,26,-10,14.2,1577,19.2,44:45:00, LW
498,Sobotka Vladimir,BUF,69,5,8,13,-20,14.183333333333334,1320,19.1,75:17:00, C
499,Maroon Patrick,STL,74,10,18,28,-3,14.166666666666666,1287,17.4,37:26:00, LW
500,Siegenthaler Jonas,WSH,26,0,4,4,6,14.15,481,18.5,91:59:00, D
501,Kahun Dominik,CHI,82,13,24,37,10,14.15,1531,18.7,31:21:00, C
502,Vanek Thomas,DET,64,16,20,36,-12,14.116666666666667,1188,18.6,25:05:00, LW
503,Tanev Brandon,WPG,80,14,15,29,9,14.116666666666667,1685,21.1,38:55:00, LW
504,Ferland Micheal,CAR,71,17,23,40,13,14.1,1406,19.8,25:01:00, LW
505,Eriksson Loui,VAN,81,11,18,29,-11,14.066666666666666,1668,20.6,39:17:00, LW
506,Hintz Roope,DAL,58,9,13,22,-11,14.05,1270,21.9,37:03:00, LW
507,Pearson Tanner,LA/PIT/VAN,80,18,9,27,-15,14.05,1625,20.3,41:38:00, LW
508,Vrana Jakub,WSH,82,24,23,47,20,14.033333333333333,1415,17.3,24:29:00, C
509,Butler Chris,STL,13,1,1,2,3,14.033333333333333,265,20.4,91:15:00, D
510,Leivo Josh,TOR/VAN,76,14,10,24,5,14.033333333333333,1439,18.9,44:25:00, LW
511,Cizikas Casey,NYI,73,20,13,33,22,14.016666666666667,1476,20.2,31:01:00, C
512,Boedker Mikkel,OTT,71,7,28,35,-23,14.016666666666667,1277,18.0,28:26:00, LW
513,Lewis Trevor,LA,44,3,9,12,-9,14.016666666666667,862,19.6,51:25:00, C
514,Labanc Kevin,SJ,82,17,39,56,-1,14.016666666666667,1515,18.5,20:31, RW
515,Ozhiganov Igor,TOR,53,3,4,7,0,14.016666666666667,1016,19.2,106:06:00, D
516,Clutterbuck Cal,NYI,73,8,15,23,6,13.966666666666667,1445,19.8,44:20:00, RW
517,Heinen Danton,BOS,77,11,23,34,13,13.966666666666667,1345,17.5,31:38:00, C
518,Morrow Joe,WPG,41,1,6,7,0,13.966666666666667,669,16.3,81:45:00, D
519,Terry Troy,ANA,32,4,9,13,8,13.95,585,18.3,34:19:00, RW
520,Kampf David,CHI,63,4,15,19,-6,13.916666666666666,1261,20.0,46:09:00, C
521,Niku Sami,WPG,30,1,3,4,0,13.916666666666666,484,16.1,104:23:00, D
522,Schenn Luke,VAN/ANA,26,0,2,2,-10,13.9,535,20.6,180:46:00, D
523,Komarov Leo,NYI,82,6,20,26,18,13.883333333333333,1517,18.5,43:48:00, C
524,Eaves Patrick,ANA,7,0,0,0,-4,13.883333333333333,137,19.6,0:00, RW
525,Abramov Vitaly,OTT,1,0,0,0,-3,13.866666666666667,18,18.0,0:00, RW
526,Chlapik Filip,OTT,5,1,0,1,-2,13.866666666666667,85,17.0,69:19:00, C
527,Fedun Taylor,DAL,54,4,7,11,2,13.85,1101,20.4,68:01:00, D
528,Ladd Andrew,NYI,26,3,8,11,3,13.85,473,18.2,32:43:00, LW
529,Sundqvist Oskar,STL,74,14,17,31,-1,13.816666666666666,1384,18.7,32:59:00, C
530,Ryan Derek,CGY,81,13,25,38,21,13.8,1579,19.5,29:25:00, C
531,Davidson Brandon,CHI,10,0,1,1,-4,13.8,201,20.1,137:56:00, D
532,Brown Connor,TOR,82,8,21,29,11,13.8,1632,19.9,38:59:00, RW
533,Lewington Tyler,WSH,2,1,1,2,3,13.8,40,20.0,13:47, D
534,Chytil Filip,NYR,75,11,12,23,-22,13.783333333333333,1300,17.3,44:57:00, C
535,Okposo Kyle,BUF,78,14,15,29,-9,13.783333333333333,1361,17.4,37:04:00, RW
536,Leipsic Brendan,LA/VAN,62,7,16,23,-14,13.783333333333333,1128,18.2,37:09:00, LW
537,Tangradi Eric,NJ,6,0,1,1,-3,13.783333333333333,103,17.2,82:41:00, LW
538,Kuraly Sean,BOS,71,8,13,21,6,13.766666666666667,1304,18.4,46:34:00, C
539,Nieto Matt,COL,64,4,19,23,2,13.766666666666667,1240,19.4,38:19:00, LW
540,Blidh Anton,BOS,1,0,0,0,0,13.766666666666667,19,19.0,0:00, LW
541,Roussel Antoine,VAN,65,9,22,31,5,13.766666666666667,1402,21.6,28:51:00, LW
542,Lindblom Oskar,PHI,81,17,16,33,-9,13.75,1532,18.9,33:44:00, LW
543,Kotkaniemi Jesperi,MTL,79,11,23,34,1,13.733333333333333,1452,18.4,31:55:00, C
544,Lyubushkin Ilya,ARI,41,0,4,4,-9,13.733333333333333,768,18.7,140:49:00, D
545,Honka Julius,DAL,29,0,4,4,-2,13.716666666666667,557,19.2,99:25:00, D
546,Donato Ryan,BOS/MIN,56,10,15,25,-15,13.7,977,17.4,30:41:00, C
547,Wood Miles,NJ,63,10,14,24,-10,13.7,1113,17.7,35:56:00, LW
548,Hanley Joel,DAL,16,0,0,0,0,13.7,306,19.1,0:00, D
549,Lappin Nick,NJ,11,0,0,0,-6,13.683333333333334,193,17.5,0:00, RW
550,Johnsson Andreas,TOR,73,20,23,43,14,13.666666666666666,1406,19.3,23:12, LW
551,Teves Josh,VAN,1,0,0,0,-1,13.666666666666666,17,17.0,0:00, D
552,Lashoff Brian,DET,4,0,1,1,-1,13.666666666666666,80,20.0,54:38:00, D
553,Aston-Reese Zach,PIT,43,8,9,17,12,13.65,877,20.4,34:32:00, C
554,Beagle Jay,VAN,57,3,10,13,-8,13.65,1239,21.7,59:52:00, C
555,Greenway Jordan,MIN,81,12,12,24,-12,13.633333333333333,1448,17.9,45:59:00, LW
556,Girgensons Zemgus,BUF,72,5,13,18,-11,13.616666666666667,1306,18.1,54:26:00, C
557,Djoos Christian,WSH,45,1,9,10,9,13.566666666666666,782,17.4,61:04:00, D
558,Archibald Josh,ARI,68,12,10,22,1,13.566666666666666,1397,20.5,41:56:00, RW
559,Wilson Colin,COL,65,12,15,27,-6,13.566666666666666,1182,18.2,32:39:00, C
560,Cousins Nick,ARI,81,7,20,27,-8,13.55,1532,18.9,40:38:00, C
561,Ek Eriksson Joel,MIN,58,7,7,14,-7,13.5,1076,18.6,55:57:00, C
562,Nordstrom Joakim,BOS,70,7,5,12,0,13.483333333333333,1300,18.6,78:38:00, C
563,Paajarvi Magnus,OTT,80,11,8,19,-14,13.466666666666667,1516,19.0,56:42:00, LW
564,Kukan Dean,CBJ,25,0,5,5,6,13.466666666666667,470,18.8,67:19:00, D
565,Weal Jordan,MTL/PHI/ARI,63,8,13,21,-8,13.466666666666667,1134,18.0,40:23:00, C
566,Sheahan Riley,PIT/FLA,82,9,10,19,-9,13.466666666666667,1627,19.8,58:05:00, C
567,Wagner Chris,BOS,76,12,7,19,3,13.45,1373,18.1,53:48:00, RW
568,Mittelstadt Casey,BUF,77,12,13,25,-19,13.45,1333,17.3,41:25:00, C
569,Boyle Brian,NJ/NSH,73,18,6,24,-14,13.433333333333334,1255,17.2,40:52:00, C
570,Donskoi Joonas,SJ,80,14,23,37,10,13.416666666666666,1469,18.4,29:01:00, RW
571,Batherson Drake,OTT,20,3,6,9,-2,13.416666666666666,338,16.9,29:48:00, RW
572,Pitlick Tyler,DAL,47,8,4,12,-2,13.383333333333333,972,20.7,52:24:00, RW
573,Dickinson Jason,DAL,67,6,16,22,9,13.366666666666667,1392,20.8,40:43:00, C
574,Frolik Michael,CGY,65,16,18,34,24,13.366666666666667,1138,17.5,25:32:00, RW
575,Rafferty Brogan,VAN,2,0,0,0,-1,13.35,35,17.5,0:00, D
576,Englund Andreas,OTT,3,0,0,0,-2,13.333333333333334,60,20.0,0:00, D
577,Connolly Brett,WSH,81,22,24,46,13,13.333333333333334,1267,15.6,23:28, RW
578,Simon Dominik,PIT,71,8,20,28,8,13.316666666666666,1311,18.5,33:47:00, C
579,McCoshen Ian,FLA,19,1,1,2,-2,13.316666666666666,350,18.4,126:32:00, D
580,Brown Josh,FLA,37,1,1,2,-3,13.3,723,19.5,246:03:00, D
581,Bennett Sam,CGY,71,13,14,27,-6,13.283333333333333,1276,18.0,34:56:00, C
582,Tolvanen Eeli,NSH,4,1,1,2,2,13.266666666666667,68,17.0,26:32:00, RW
583,Spezza Jason,DAL,76,8,19,27,-13,13.266666666666667,1513,19.9,37:21:00, C
584,Pietila Blake,NJ,19,0,1,1,-7,13.266666666666667,317,16.7,252:01:00, LW
585,Lucic Milan,EDM,79,6,14,20,-9,13.233333333333333,1422,18.0,52:16:00, LW
586,LaDue Paul,LA,33,2,3,5,0,13.216666666666667,579,17.5,87:15:00, D
587,Jones Max,ANA,30,2,3,5,-1,13.166666666666666,549,18.3,79:02:00, LW
588,Fischer Christian,ARI,71,11,7,18,-13,13.166666666666666,1332,18.8,51:56:00, RW
589,Belpedio Louis,MIN,2,0,0,0,0,13.133333333333333,31,15.5,0:00, D
590,Hartman Ryan,PHI/NSH,83,12,14,26,1,13.116666666666667,1476,17.8,41:52:00, RW
591,Prout Dalton,CGY,20,1,1,2,1,13.116666666666667,343,17.2,131:09:00, D
592,Thomas Robert,STL,70,9,24,33,-2,13.066666666666666,1181,16.9,27:43:00, C
593,Yamamoto Kailer,EDM,17,1,1,2,-6,13.066666666666666,298,17.5,111:01:00, RW
594,Wideman Chris,EDM/OTT/PIT/FLA,25,2,5,7,-12,13.05,470,18.8,46:38:00, D
595,Harrington Scott,CBJ,73,2,15,17,6,13.05,1338,18.3,56:01:00, D
596,Roy Kevin,ANA,3,0,0,0,-1,13.05,54,18.0,0:00, C
597,Berglund Patrik,BUF,23,2,2,4,-5,13.05,412,17.9,74:59:00, C
598,Backes David,BOS,70,7,13,20,0,13.033333333333333,1175,16.8,45:38:00, C
599,Lundestrom Isac,ANA,15,0,2,2,-1,13.033333333333333,277,18.5,97:43:00, C
600,Jost Tyson,COL,70,11,15,26,-2,13.0,1143,16.3,35:01:00, C
601,Thompson Nate,LA/MTL,78,5,8,13,-1,13.0,1542,19.8,78:01:00, C
602,Acciari Noel,BOS,72,6,8,14,-3,12.983333333333333,1238,17.2,66:47:00, C
603,Sorensen Marcus,SJ,80,17,13,30,10,12.966666666666667,1478,18.5,34:34:00, RW
604,Crouse Lawson,ARI,81,11,14,25,5,12.95,1603,19.8,41:57:00, LW
605,Falk Justin,OTT,10,0,0,0,-4,12.933333333333334,190,19.0,0:00, D
606,Agostino Kenny,MTL/NJ,63,6,18,24,-3,12.916666666666666,1072,17.0,33:54:00, LW
607,Anderson Joey,NJ,34,4,3,7,-7,12.9,582,17.1,62:39:00, RW
608,Malgin Denis,FLA,50,7,9,16,-10,12.883333333333333,944,18.9,40:16:00, C
609,Hanzal Martin,DAL,7,1,1,2,-4,12.866666666666667,140,20.0,45:01:00, C
610,Brickley Daniel,LA,4,0,1,1,-2,12.816666666666666,74,18.5,51:14:00, D
611,Garland Conor,ARI,47,13,5,18,1,12.783333333333333,810,17.2,33:23:00, RW
612,Sturm Nico,MIN,2,0,0,0,0,12.783333333333333,37,18.5,0:00, C
613,Motte Tyler,VAN,74,9,7,16,-12,12.766666666666667,1425,19.3,59:05:00, C
614,Ryan Joakim,SJ,44,0,7,7,-1,12.766666666666667,710,16.1,80:17:00, D
615,Texier Alexandre,CBJ,2,1,0,1,3,12.766666666666667,32,16.0,25:32:00, C
616,Fabbro Dante,NSH,4,1,0,1,-1,12.733333333333333,67,16.8,50:57:00, D
617,Noesen Stefan,NJ,41,3,5,8,-19,12.733333333333333,674,16.4,65:15:00, RW
618,Jankowski Mark,CGY,79,14,18,32,6,12.7,1458,18.5,31:22:00, C
619,Duclair Anthony,OTT/CBJ,74,19,14,33,-2,12.7,1286,17.4,28:28:00, LW
620,Garrison Jason,CHI/EDM,17,1,0,1,1,12.7,305,17.9,215:50:00, D
621,Brouwer Troy,FLA,75,12,9,21,-6,12.683333333333334,1384,18.5,45:19:00, RW
622,Condra Erik,DAL,6,1,0,1,-2,12.683333333333334,115,19.2,76:06:00, RW
623,Kuhnhackl Tom,NYI,36,4,5,9,1,12.683333333333334,629,17.5,50:43:00, RW
624,Bastian Nathan,NJ,7,3,0,3,0,12.683333333333334,119,17.0,29:35:00, RW
625,Dowling Justin,DAL,11,0,1,1,-4,12.666666666666666,206,18.7,139:21:00, C
626,Keeper Brady,FLA,1,0,0,0,1,12.666666666666666,18,18.0,0:00, D
627,Fabbri Robby,STL,32,2,4,6,-4,12.65,521,16.3,67:29:00, C
628,Rieder Tobias,EDM,67,0,11,11,-8,12.65,1220,18.2,77:00:00, C
629,Carpenter Ryan,VGS,68,5,13,18,-6,12.616666666666667,1079,15.9,47:39:00, C
630,Rooney Kevin,NJ,41,6,4,10,-4,12.616666666666667,738,18.0,51:42:00, C
631,Cehlarik Peter,BOS,20,4,2,6,3,12.6,315,15.8,41:58:00, LW
632,Cogliano Andrew,DAL/ANA,78,6,11,17,1,12.583333333333334,1547,19.8,57:46:00, C
633,Turgeon Dominic,DET,4,0,0,0,-3,12.583333333333334,76,19.0,0:00, C
634,Sanford Zach,STL,60,8,12,20,8,12.583333333333334,1037,17.3,37:44:00, LW
635,Khaira Jujhar,EDM,60,3,15,18,-12,12.566666666666666,1073,17.9,41:53:00, LW
636,Rowney Carter,ANA,62,7,13,20,0,12.55,1117,18.0,38:54:00, RW
637,Friedman Mark,PHI,1,0,0,0,-1,12.55,19,19.0,0:00, D
638,Fleury Haydn,CAR,20,0,1,1,4,12.533333333333333,340,17.0,250:40:00, D
639,Leo De Chase,ANA,1,0,0,0,1,12.533333333333333,18,18.0,0:00, C
640,Veronneau Max,OTT,12,2,2,4,-5,12.516666666666667,191,15.9,37:33:00, RW
641,Foegele Warren,CAR,77,10,5,15,-17,12.5,1412,18.3,64:08:00, LW
642,Holl Justin,TOR,11,0,1,1,-5,12.483333333333333,191,17.4,137:18:00, D
643,Lindberg Oscar,OTT/VGS,55,9,11,20,4,12.466666666666667,896,16.3,34:18:00, C
644,Nosek Tomas,VGS,68,8,9,17,-10,12.466666666666667,1055,15.5,49:53:00, C
645,Pominville Jason,BUF,73,16,15,31,-4,12.466666666666667,1232,16.9,29:21:00, RW
646,Bellemare Pierre-Edouard,VGS,76,6,9,15,2,12.433333333333334,1196,15.7,62:58:00, RW
647,Kylington Oliver,CGY,38,3,5,8,3,12.416666666666666,633,16.7,59:00:00, D
648,Morin Samuel,PHI,5,0,0,0,-3,12.366666666666667,86,17.2,0:00, D
649,Dubinsky Brandon,CBJ,61,6,8,14,-16,12.35,1178,19.3,53:50:00, C
650,Bouchard Evan,EDM,7,1,0,1,-5,12.35,112,16.0,86:29:00, D
651,Balcers Rudolfs,OTT,36,5,9,14,-7,12.35,585,16.3,31:46:00, LW
652,Bjorkstrand Oliver,CBJ,77,23,13,36,8,12.333333333333334,1248,16.2,26:23:00, RW
653,Seeler Nick,MIN,71,2,5,7,-4,12.333333333333334,1169,16.5,125:05:00, D
654,Dauphin Laurent,ARI/NSH,1,0,0,0,-1,12.316666666666666,17,17.0,0:00, C
655,Cave Colby,BOS/EDM,53,3,5,8,-5,12.316666666666666,909,17.2,81:34:00, C
656,Sceviour Colton,FLA,59,5,10,15,-2,12.3,1055,17.9,48:21:00, C
657,Stafford Drew,NJ,57,5,8,13,-7,12.266666666666667,868,15.2,53:46:00, RW
658,L'Esperance Joel,DAL,18,2,0,2,-4,12.25,330,18.3,110:14:00, RW
659,Perreault Mathieu,WPG,82,15,15,30,-1,12.233333333333333,1350,16.5,33:26:00, C
660,McLeod Michael,NJ,21,0,3,3,-8,12.2,337,16.0,85:22:00, C
661,Nylander Alexander,BUF,12,2,2,4,-4,12.2,190,15.8,36:34:00, LW
662,Copp Andrew,WPG,69,11,14,25,20,12.166666666666666,1215,17.6,33:33:00, C
663,Kuhlman Karson,BOS,11,3,2,5,5,12.15,183,16.6,26:43:00, RW
664,Thompson Tage,BUF,65,7,5,12,-22,12.133333333333333,1031,15.9,65:42:00, C
665,Stephenson Chandler,WSH,64,5,6,11,-13,12.116666666666667,1005,15.7,70:29:00, C
666,Colle Dal Michael,NYI,28,3,4,7,3,12.116666666666667,435,15.5,48:26:00, LW
667,Rask Victor,CAR/MIN,49,3,6,9,-4,12.1,839,17.1,65:53:00, C
668,Schilling Cameron,WPG,4,0,1,1,0,12.1,61,15.3,48:23:00, D
669,Rasmussen Michael,DET,62,8,10,18,-8,12.083333333333334,1014,16.4,41:35:00, C
670,Street Ben,ANA,21,3,2,5,-4,12.066666666666666,373,17.8,50:41:00, RW
671,MacDonald Jacob,FLA,2,1,0,1,1,12.05,33,16.5,24:06:00, D
672,Sustr Andrej,ANA,5,0,0,0,0,12.033333333333333,93,18.6,0:00, D
673,Paquette Cedric,TB,80,13,4,17,7,12.0,1400,17.5,56:29:00, C
674,Borgstrom Henrik,FLA,50,8,10,18,-14,12.0,852,17.0,33:20:00, C
675,Foligno Marcus,MIN,82,7,12,19,-1,11.966666666666667,1336,16.3,51:39:00, LW
676,Sprong Daniel,PIT/ANA,63,14,9,23,-16,11.95,970,15.4,32:44:00, RW
677,Puljujarvi Jesse,EDM,46,4,5,9,-14,11.95,769,16.7,61:05:00, RW
678,O'Regan Danny,BUF,1,0,0,0,0,11.933333333333334,15,15.0,0:00, C
679,Bitetto Anthony,NSH/MIN,36,0,3,3,-7,11.933333333333334,563,15.6,143:06:00, D
680,Nichushkin Valeri,DAL,57,0,10,10,-4,11.916666666666666,1027,18.0,67:55:00, RW
681,Weber Yannick,NSH,62,2,6,8,7,11.916666666666666,1039,16.8,92:19:00, D
682,Robinson Eric,CBJ,13,0,0,0,-4,11.833333333333334,197,15.2,0:00, LW
683,Dotchin Jake,ANA,20,0,1,1,-4,11.816666666666666,336,16.8,236:11:00, D
684,Bjork Anders,BOS,20,1,2,3,-1,11.8,305,15.3,78:39:00, LW
685,Karlsson Forsbacka Jakob,BOS,28,3,6,9,1,11.8,431,15.4,36:41:00, C
686,Weise Dale,MTL/PHI,51,5,6,11,-8,11.783333333333333,905,17.7,54:36:00, RW
687,Hyka Tomas,VGS,17,1,3,4,-2,11.766666666666667,258,15.2,50:00:00, LW
688,Read Matt,MIN,12,1,0,1,-2,11.75,191,15.9,141:03:00, RW
689,Pyatt Tom,OTT/VAN,37,0,2,2,-16,11.716666666666667,621,16.8,216:42:00, C
690,Brodziak Kyle,EDM,70,6,3,9,-14,11.7,1190,17.0,90:56:00, C
691,Grant Derek,PIT/ANA,56,4,10,14,-6,11.683333333333334,969,17.3,46:44:00, C
692,Hudon Charles,MTL,32,3,2,5,-9,11.666666666666666,489,15.3,74:42:00, LW
693,Formenton Alex,OTT,9,1,0,1,-2,11.666666666666666,138,15.3,105:01:00, LW
694,Anderson-Dolan Jaret,LA,5,0,1,1,-2,11.6,75,15.0,58:01:00, C
695,Perlini Brendan,CHI/ARI,68,14,7,21,-17,11.6,1069,15.7,37:34:00, LW
696,Senyshyn Zach,BOS,2,1,0,1,0,11.6,31,15.5,23:11, RW
697,Barbashev Ivan,STL,80,14,12,26,-4,11.516666666666667,1336,16.7,35:25:00, LW
698,Cullen Matt,PIT,71,7,13,20,6,11.516666666666667,1307,18.4,40:51:00, C
699,Karlsson Melker,SJ,79,12,4,16,-1,11.5,1405,17.8,56:46:00, RW
700,Schmaltz Jordan,STL,20,0,2,2,-7,11.483333333333333,339,17.0,114:51:00, D
701,Carrick Trevor,CAR,1,0,0,0,-1,11.483333333333333,13,13.0,0:00, D
702,Wilson Scott,BUF,15,0,3,3,-8,11.45,245,16.3,57:15:00, C
703,Rose La De Jacob,DET/MTL,60,3,6,9,-13,11.433333333333334,958,16.0,76:15:00, LW
704,Martin Matt,NYI,67,6,8,14,5,11.433333333333334,1072,16.0,54:43:00, LW
705,Spooner Ryan,EDM/NYR/VAN,52,3,6,9,-12,11.433333333333334,819,15.8,66:01:00, C
706,Raffl Michael,PHI,67,6,12,18,-1,11.416666666666666,1083,16.2,42:29:00, LW
707,Sherwood Kiefer,ANA,50,6,6,12,1,11.366666666666667,784,15.7,47:22:00, RW
708,Poehling Ryan,MTL,1,3,0,3,3,11.366666666666667,19,19.0,3:47, C
709,Joseph Mathieu,TB,70,13,13,26,5,11.366666666666667,1146,16.4,30:34:00, RW
710,Lindholm Par,TOR/WPG,65,1,12,13,5,11.35,1136,17.5,56:44:00, C
711,Rattie Ty,EDM,50,4,7,11,-2,11.35,761,15.2,51:34:00, RW
712,Mermis Dakota,ARI,1,0,0,0,1,11.333333333333334,17,17.0,0:00, D
713,Czarnik Austin,CGY,54,6,12,18,-1,11.333333333333334,838,15.5,33:59:00, C
714,Suomela Antti,SJ,27,3,5,8,1,11.316666666666666,447,16.6,38:11:00, C
715,Quenneville John,NJ,19,1,0,1,-1,11.316666666666666,288,15.2,214:59:00, C
716,Irwin Matt,NSH,44,1,6,7,5,11.3,685,15.6,71:00:00, D
717,Sikura Dylan,CHI,33,0,8,8,2,11.283333333333333,510,15.5,46:32:00, C
718,Chaput Michael,MTL/ARI,32,0,5,5,-4,11.216666666666667,545,17.0,71:49:00, C
719,Lizotte Blake,LA,1,0,0,0,-1,11.2,14,14.0,0:00, C
720,Kempe Mario,ARI,52,4,5,9,5,11.183333333333334,918,17.7,64:37:00, RW
721,Murphy Ryan,NJ/MIN,3,0,1,1,1,11.166666666666666,44,14.7,33:30:00, D
722,Callahan Ryan,TB,52,7,10,17,7,11.133333333333333,845,16.3,34:04:00, RW
723,Burakovsky Andre,WSH,76,12,13,25,2,11.133333333333333,1060,13.9,33:49:00, LW
724,Luff Matt,LA,33,8,3,11,-2,11.116666666666667,533,16.2,33:20:00, RW
725,Graves Ryan,COL,26,3,2,5,4,11.1,405,15.6,57:44:00, D
726,Andrighetto Sven,COL,64,7,10,17,10,11.066666666666666,930,14.5,41:40:00, RW
727,Hunt Dryden,FLA,31,3,7,10,0,11.066666666666666,469,15.1,34:17:00, LW
728,Blueger Teddy,PIT,28,6,4,10,7,11.05,454,16.2,30:57:00, C
729,Fehr Eric,MIN,72,7,8,15,-8,11.05,1163,16.2,53:00:00, RW
730,Goodrow Barclay,SJ,82,7,10,17,4,11.016666666666667,1411,17.2,53:06:00, LW
731,Brisebois Guillaume,VAN,8,0,0,0,-4,11.016666666666667,134,16.8,0:00, D
732,Stenlund Kevin,CBJ,4,0,0,0,0,10.966666666666667,59,14.8,0:00, C
733,Gaudette Adam,VAN,56,5,7,12,-8,10.95,897,16.0,51:05:00, C
734,Kuffner Ryan,DET,10,0,0,0,-4,10.933333333333334,150,15.0,0:00, LW
735,Zboril Jakub,BOS,2,0,0,0,0,10.933333333333334,42,21.0,0:00, D
736,Lammikko Juho,FLA,40,0,6,6,-7,10.933333333333334,665,16.6,72:52:00, RW
737,Kuokkanen Janne,CAR,7,0,0,0,-2,10.916666666666666,101,14.4,0:00, C
738,Gibbons Brian,OTT/ANA,64,8,11,19,-5,10.916666666666666,1037,16.2,36:46:00, C
739,Plekanec Tomas,MTL,3,1,0,1,0,10.883333333333333,58,19.3,32:38:00, C
740,Reaves Ryan,VGS,80,9,11,20,1,10.866666666666667,1063,13.3,43:29:00, RW
741,Gurianov Denis,DAL,21,1,3,4,-3,10.866666666666667,349,16.6,57:04:00, RW
742,Smith-Pelly Devante,WSH,54,4,4,8,-6,10.85,778,14.4,73:15:00, RW
743,Nash Riley,CBJ,78,3,9,12,-8,10.833333333333334,1157,14.8,70:27:00, C
744,Goloubef Cody,OTT,5,0,0,0,0,10.816666666666666,79,15.8,0:00, D
745,Fritz Tanner,NYI,8,0,1,1,-3,10.816666666666666,113,14.1,86:35:00, C
746,Johnson Luke,CHI,15,0,1,1,-8,10.816666666666666,238,15.9,162:11:00, C
747,Tennyson Matt,BUF,4,0,0,0,-4,10.75,63,15.8,0:00, D
748,Andersson Lias,NYR,42,2,4,6,-13,10.716666666666667,663,15.8,75:01:00, C
749,Bartkowski Matt,MIN,2,1,0,1,2,10.7,33,16.5,21:24, D
750,Radil Lukas,SJ,36,7,4,11,7,10.683333333333334,550,15.3,34:57:00, LW
751,McGinn Jamie,FLA,19,4,3,7,-5,10.683333333333334,292,15.4,28:58:00, LW
752,Burgdoerfer Erik,OTT,4,0,0,0,-1,10.666666666666666,55,13.8,0:00, D
753,Schaller Tim,VAN,47,3,7,10,-2,10.666666666666666,761,16.2,50:06:00, LW
754,McKegg Greg,CAR,41,6,5,11,-2,10.666666666666666,650,15.9,39:44:00, C
755,Smith C.J.,BUF,11,2,0,2,0,10.65,157,14.3,58:36:00, LW
756,Clendening Adam,CBJ,4,0,0,0,1,10.65,64,16.0,0:00, D
757,Carey Paul,BOS/OTT,7,0,0,0,0,10.65,91,13.0,0:00, C
758,Ehn Christoffer,DET,60,3,6,9,-5,10.616666666666667,874,14.6,70:45:00, C
759,Fortin Alexandre,CHI,24,3,3,6,-6,10.583333333333334,349,14.5,42:21:00, LW
760,Erne Adam,TB,65,7,13,20,10,10.55,976,15.0,34:16:00, LW
761,Mangiapane Andrew,CGY,44,8,5,13,11,10.55,653,14.8,35:41:00, LW
762,Hathaway Garnet,CGY,76,11,8,19,14,10.533333333333333,1160,15.3,42:06:00, RW
763,Peca Matthew,MTL,39,3,7,10,-14,10.516666666666667,594,15.2,41:02:00, C
764,Brown Logan,OTT,2,0,0,0,-2,10.516666666666667,27,13.5,0:00, C
765,Clifford Kyle,LA,72,11,10,21,4,10.483333333333333,1084,15.1,35:57:00, LW
766,Salomaki Miikka,NSH,37,3,4,7,5,10.45,540,14.6,55:16:00, RW
767,Cracknell Adam,ANA,2,0,0,0,-1,10.433333333333334,35,17.5,0:00, RW
768,Kruger Marcus,CHI,74,4,8,12,-2,10.416666666666666,1231,16.6,64:13:00, C
769,Puempel Matt,DET,8,1,0,1,-2,10.4,116,14.5,83:13:00, LW
770,Elie Remi,BUF,16,0,1,1,-3,10.35,235,14.7,165:36:00, LW
771,Seney Brett,NJ,51,5,8,13,-14,10.333333333333334,705,13.8,40:31:00, LW
772,Kossila Kalle,ANA,8,1,0,1,-1,10.3,131,16.4,82:26:00, C
773,Dowd Nic,WSH,64,8,14,22,10,10.3,862,13.5,29:56:00, C
774,Dea Jean-Sebastien,NJ/PIT/FLA,23,4,2,6,0,10.25,339,14.7,39:18:00, C
775,Prosser Nate,MIN,15,0,0,0,1,10.216666666666667,209,13.9,0:00, D
776,Carrick Sam,ANA,6,0,1,1,-1,10.216666666666667,96,16.0,61:19:00, C
777,Amadio Michael,LA,43,6,7,13,-1,10.2,606,14.1,33:45:00, C
778,Heatherington Dillon,DAL,5,0,1,1,4,10.183333333333334,71,14.2,50:56:00, D
779,Martel Danick,TB,9,0,2,2,3,10.183333333333334,124,13.8,45:48:00, C
780,Scherbak Nikita,LA/MTL,8,1,0,1,-4,10.183333333333334,114,14.3,81:25:00, LW
781,Lettieri Vinni,NYR,27,1,2,3,-7,10.15,359,13.3,91:24:00, C
782,Giuseppe Di Phil,CAR/NSH,24,1,3,4,-3,10.133333333333333,339,14.1,60:48:00, LW
783,Nogier Nelson,WPG,1,0,0,0,0,10.1,11,11.0,0:00, D
784,Jaskin Dmitrij,WSH,37,2,6,8,-5,10.083333333333334,462,12.5,46:38:00, RW
785,Dube Dillon,CGY,25,1,4,5,2,10.066666666666666,350,14.0,50:20:00, C
786,Deslauriers Nicolas,MTL,48,2,3,5,-12,10.033333333333333,668,13.9,96:21:00, LW
787,Necas Martin,CAR,7,1,1,2,0,10.016666666666667,103,14.7,35:05:00, C
788,Grimaldi Rocco,NSH,53,5,8,13,-2,10.0,747,14.1,40:47:00, C
789,Zykov Valentin,EDM/CAR/VGS,28,2,3,5,-5,9.95,342,12.2,55:43:00, RW
790,Carrier William,VGS,54,8,1,9,-4,9.95,700,13.0,59:40:00, LW
791,Ennis Tyler,TOR,51,12,6,18,-6,9.933333333333334,683,13.4,28:09:00, LW
792,Middleton Jacob,SJ,3,0,1,1,-1,9.933333333333334,41,13.7,29:48:00, D
793,Brodzinski Jonny,LA,13,2,1,3,0,9.916666666666666,176,13.5,43:00:00, C
794,Alt Mark,COL,2,0,0,0,0,9.916666666666666,29,14.5,0:00, D
795,Blais Sammy,STL,32,2,2,4,-1,9.85,429,13.4,78:49:00, LW
796,Boyd Travis,WSH,53,5,15,20,6,9.833333333333334,695,13.1,26:02:00, C
797,Carr Daniel,VGS,6,1,0,1,-1,9.833333333333334,73,12.2,58:57:00, LW
798,Roslovic Jack,WPG,77,9,15,24,-2,9.75,1015,13.2,31:15:00, C
799,Blackwell Colin,NSH,6,0,0,0,-1,9.733333333333333,86,14.3,0:00, C
800,Bourque Gabriel,COL,55,2,6,8,3,9.733333333333333,757,13.8,66:56:00, LW
801,Pitlick Rem,NSH,1,0,0,0,0,9.716666666666667,14,14.0,0:00, C
802,Knight Corban,PHI,23,1,3,4,-5,9.683333333333334,304,13.2,55:39:00, C
803,Kyrou Jordan,STL,16,1,2,3,-1,9.666666666666666,213,13.3,51:31:00, C
804,Nieves Boo,NYR,43,4,6,10,-4,9.65,573,13.3,41:31:00, C
805,Ritchie Brett,DAL,53,4,2,6,-7,9.6,814,15.4,84:50:00, RW
806,Witkowski Luke,DET,34,0,2,2,-5,9.6,447,13.1,163:09:00, D
807,Bunting Michael,ARI,5,1,0,1,0,9.55,71,14.2,47:47:00, LW
808,Greco Anthony,FLA,1,0,0,0,-3,9.5,16,16.0,0:00, RW
809,Quine Alan,CGY,13,3,2,5,0,9.5,172,13.2,24:41:00, C
810,Hannikainen Markus,CBJ,44,4,3,7,-5,9.483333333333333,599,13.6,59:34:00, LW
811,Bishop Clark,CAR,20,1,2,3,-3,9.45,269,13.5,63:02:00, C
812,Hawryluk Jayce,FLA,42,7,5,12,-8,9.433333333333334,588,14.0,33:00:00, C
813,Maenalanen Saku,CAR,34,4,4,8,0,9.433333333333334,506,14.9,40:04:00, RW
814,Chartier Rourke,SJ,13,1,0,1,-5,9.4,187,14.4,122:14:00, C
815,Frederic Trent,BOS,15,0,0,0,-4,9.4,198,13.2,0:00, C
816,Carlsson Gabriel,CBJ,1,0,0,0,-1,9.35,17,17.0,0:00, D
817,MacDermid Kurtis,LA,11,0,1,1,-1,9.35,146,13.3,102:49:00, D
818,Vorobyev Mikhail,PHI,15,1,1,2,0,9.333333333333334,183,12.2,70:00:00, C
819,Sherwood Kole,CBJ,2,0,0,0,0,9.233333333333333,25,12.5,0:00, RW
820,Frk Martin,DET,30,1,5,6,-9,9.183333333333334,389,13.0,45:55:00, RW
821,Rychel Kerby,CGY,2,0,0,0,-1,9.183333333333334,26,13.0,0:00, LW
822,Brown J.T.,MIN,56,3,5,8,0,9.166666666666666,692,12.4,64:11:00, RW
823,Hayden John,CHI,54,3,2,5,-12,9.166666666666666,712,13.2,98:56:00, C
824,Lehtera Jori,PHI,27,1,2,3,-7,9.116666666666667,389,14.4,82:00:00, C
825,Vaakanainen Urho,BOS,2,0,0,0,-1,9.1,25,12.5,0:00, D
826,Moore Trevor,TOR,25,2,6,8,1,9.1,335,13.4,28:25:00, LW
827,Dries Sheldon,COL,40,3,3,6,-7,9.066666666666666,519,13.0,60:29:00, C
828,Gignac Brandon,NJ,1,0,0,0,-2,9.066666666666666,12,12.0,0:00, C
829,Kunitz Chris,CHI,56,5,5,10,-7,9.066666666666666,747,13.3,50:43:00, LW
830,Lemieux Brendan,NYR/WPG,63,12,5,17,6,9.05,795,12.6,33:31:00, LW
831,Kamenev Vladislav,COL,23,2,3,5,-2,9.033333333333333,295,12.8,41:34:00, LW
832,Dalpe Zac,CBJ,1,0,1,1,1,9.016666666666667,16,16.0,9:01, C
833,Gaudreau Frederick,NSH,55,3,1,4,1,9.016666666666667,732,13.3,123:56:00, C
834,Sedlak Lukas,CBJ,47,4,2,6,-5,9.0,620,13.2,70:29:00, C
835,Elliott Stefan,OTT,3,0,1,1,1,8.983333333333333,45,15.0,26:57:00, D
836,Brickley Connor,NYR,14,1,3,4,3,8.983333333333333,172,12.3,31:25:00, C
837,Malone Brad,EDM,16,0,0,0,0,8.95,218,13.6,0:00, C
838,Wagner Austin,LA,62,12,9,21,2,8.933333333333334,827,13.3,26:21:00, LW
839,Hendricks Matt,WPG/MIN,26,0,3,3,-2,8.833333333333334,327,12.6,76:37:00, C
840,Russell Patrick,EDM,6,0,0,0,0,8.783333333333333,76,12.7,0:00, RW
841,Gionta Stephen,NYI,5,0,0,0,-4,8.783333333333333,71,14.2,0:00, RW
842,Rempal Sheldon,LA,7,0,0,0,-1,8.733333333333333,85,12.1,0:00, RW
843,Currie Josh,EDM,21,2,3,5,2,8.716666666666667,259,12.3,36:34:00, RW
844,Gambrell Dylan,SJ,8,0,0,0,1,8.633333333333333,98,12.3,0:00, C
845,Conacher Cory,TB,1,0,0,0,0,8.583333333333334,13,13.0,0:00, LW
846,Paul Nick,OTT,20,1,1,2,-10,8.466666666666667,225,11.3,84:44:00, LW
847,Bean Jake,CAR,2,0,0,0,0,8.466666666666667,26,13.0,0:00, D
848,Smith Gemel,BOS/DAL,17,2,1,3,-4,8.366666666666667,220,12.9,47:25:00, C
849,Gauthier Frederik,TOR,70,3,11,14,3,8.366666666666667,867,12.4,41:49:00, C
850,Milano Sonny,CBJ,8,1,0,1,0,8.316666666666666,94,11.8,66:34:00, LW
851,Appleton Mason,WPG,36,3,7,10,9,8.2,427,11.9,29:32:00, C
852,Walker Nathan,WSH,3,0,1,1,1,8.15,32,10.7,24:26:00, LW
853,Gambardella Joe,EDM,15,0,3,3,2,8.1,169,11.3,40:31:00, C
854,Haley Micheal,SJ/FLA,43,2,4,6,-2,8.083333333333334,536,12.5,57:59:00, C
855,MacEachern Mackenzie,STL,29,3,2,5,0,8.033333333333333,336,11.6,46:35:00, LW
856,Nolan Jordan,STL,14,0,2,2,2,7.933333333333334,165,11.8,55:34:00, C
857,Martinsen Andreas,CHI,24,1,3,4,-5,7.933333333333334,293,12.2,47:36:00, C
858,Johnston Ross,NYI,17,1,3,4,3,7.916666666666667,189,11.1,33:38:00, LW
859,Varone Phil,PHI,47,3,4,7,-2,7.916666666666667,516,11.0,53:07:00, C
860,Megan Wade,DET,11,0,1,1,-4,7.883333333333333,123,11.2,86:39:00, C
861,Jerabek Jakub,STL,1,0,0,0,-3,7.866666666666667,15,15.0,0:00, D
862,Nilsson Jacob,CHI,2,0,0,0,-2,7.866666666666667,21,10.5,0:00, C
863,Stempniak Lee,BOS,2,0,0,0,-1,7.816666666666666,21,10.5,0:00, RW
864,Agozzino Andrew,COL,11,1,1,2,2,7.816666666666666,113,10.3,42:57:00, LW
865,Fogarty Steven,NYR,10,0,0,0,-1,7.766666666666667,112,11.2,0:00, C
866,Petan Nic,TOR/WPG,18,1,2,3,-5,7.633333333333333,193,10.7,45:49:00, C
867,Wilson Garrett,PIT,50,2,6,8,2,7.616666666666667,590,11.8,47:35:00, LW
868,Gaunce Brendan,VAN,3,1,2,3,3,7.616666666666667,37,12.3,7:36, C
869,Gettinger Tim,NYR,4,0,0,0,0,7.516666666666667,42,10.5,0:00, LW
870,McCormick Max,OTT,14,1,0,1,-6,7.5,153,10.9,105:00:00, LW
871,Blandisi Joseph,PIT/ANA,9,0,0,0,-1,7.45,100,11.1,0:00, C
872,Goulbourne Tyrell,PHI,2,0,0,0,0,7.416666666666667,23,11.5,0:00, LW
873,Donovan Matt,NSH,2,0,1,1,0,7.4,21,10.5,14:47, D
874,Archibald Darren,OTT/VAN,12,1,1,2,-3,7.383333333333334,138,11.5,44:15:00, LW
875,Gabriel Kurtis,NJ,22,2,2,4,0,7.366666666666666,254,11.5,40:33:00, RW
876,Beleskey Matt,NYR,4,1,0,1,1,7.366666666666666,42,10.5,29:29:00, LW
877,Richard Anthony,NSH,1,0,0,0,-1,7.366666666666666,12,12.0,0:00, C
878,Mamin Maxim,FLA,7,0,0,0,-2,7.35,79,11.3,0:00, C
879,MacEwen Zack,VAN,4,0,1,1,-4,7.183333333333334,47,11.8,28:44:00, C
880,Lindholm Anton,COL,2,0,0,0,-1,7.183333333333334,22,11.0,0:00, D
881,Soshnikov Nikita,STL,5,0,0,0,-1,7.166666666666667,57,11.4,0:00, RW
882,Rinaldo Zac,NSH,23,1,2,3,1,7.116666666666666,251,10.9,54:37:00, C
883,Kloos Justin,ANA,1,0,0,0,0,7.066666666666666,10,10.0,0:00, C
884,Rodewald Jack,OTT,6,0,0,0,0,7.066666666666666,54,9.0,0:00, RW
885,Rau Kyle,MIN,6,0,1,1,0,7.016666666666667,62,10.3,42:05:00, C
886,Lomberg Ryan,CGY,4,0,0,0,0,6.983333333333333,43,10.8,0:00, LW
887,Roy Nicolas,CAR,6,0,0,0,0,6.95,70,11.7,0:00, C
888,Marody Cooper,EDM,6,0,0,0,-1,6.916666666666667,59,9.8,0:00, C
889,Dano Marko,COL,8,0,0,0,-1,6.883333333333333,86,10.8,0:00, C
890,Vesalainen Kristian,WPG,5,0,1,1,0,6.833333333333333,50,10.0,34:12:00, LW
891,O'Connor Logan,COL,5,0,0,0,-2,6.816666666666666,49,9.8,0:00, RW
892,Toninato Dominic,COL,2,1,0,1,0,6.7,21,10.5,13:24, C
893,McLeod Cody,NYR/NSH,38,1,0,1,-13,6.483333333333333,363,9.6,246:26:00, LW
894,Greer A.J.,COL,15,1,1,2,-2,6.266666666666667,142,9.5,47:00:00, LW
895,Bailey Justin,PHI,11,0,1,1,0,5.733333333333333,98,8.9,63:05:00, RW
896,Aube-Kubel Nicolas,PHI,9,0,0,0,1,5.583333333333333,72,8.0,0:00, RW
897,Boucher Reid,VAN,1,0,0,0,0,5.466666666666667,10,10.0,0:00, C
898,Johnson Adam,PIT,6,0,2,2,2,5.3,55,9.2,15:55, C
899,Lazar Curtis,CGY,1,0,0,0,-1,4.8,9,9.0,0:00, RW
900,Peluso Anthony,CGY,4,0,0,0,-1,4.116666666666666,27,6.8,0:00, RW
901,MacKenzie Derek,FLA,1,0,0,0,0,2.716666666666667,4,4.0,0:00, C
902,Thorburn Chris,STL,1,0,0,0,0,1.8666666666666667,3,3.0,0:00, RW
903,Gilbert Dennis,CHI,1,0,0,0,0,12.766666666666667,17,17.0,0:00, D
904,Stillman Riley,FLA,1,0,0,0,0,11.366666666666667,19,19.0,0:00, D
905,Letestu Mark,CBJ,2,0,0,0,-1,9.333333333333334,27,13.5,0:00, C
